timestamp,midprice,spread_ticks,bid_depth,ask_depth,imbalance,best_bid,best_ask
0.0,100.0,1,500,500,0.0,100,100
0.03130518753878434,100.0,1,500,509,-0.008919722497522299,100,109
0.6186509884620974,100.0,1,499,544,-0.04314477468839885,84,123
1.131006983241858,100.0,1,569,633,-0.05324459234608985,108,123
1.6006280468497531,100.0,1,659,642,0.013066871637202153,139,108
2.5683178310110097,100.0,1,680,678,0.0014727540500736377,132,124
3.338135830677539,100.0,1,775,682,0.06382978723404255,193,129
3.9626119419601546,100.0,1,766,659,0.07508771929824562,190,139
4.953022333820005,100.0,1,771,686,0.05833905284831846,191,122
5.694556942133997,100.0,1,802,740,0.040207522697795074,222,128
6.062082105099952,100.0,1,895,739,0.09547123623011015,248,133
6.769812642803721,100.0,1,911,729,0.11097560975609756,261,96
7.761760993358026,100.0,1,961,695,0.1606280193236715,305,62
8.502398910037313,100.0,1,998,767,0.13087818696883852,307,98
8.896479892881795,100.0,1,1069,793,0.14822771213748656,333,101
9.499028117130424,100.0,1,1094,789,0.16197557089750397,338,66
10.5111213905378,100.0,1,1107,770,0.1795418220564731,343,50
11.265035325110349,100.0,1,1103,777,0.17340425531914894,345,85
12.21598269433628,100.0,1,1163,785,0.19404517453798767,380,86
12.794083123182721,100.0,1,1240,870,0.17535545023696683,469,86
13.148663117059508,100.0,1,1240,875,0.17257683215130024,468,87
13.79002970129162,100.0,1,1264,874,0.1824134705332086,448,80
15.066877435704074,100.0,1,1255,899,0.16527390900649955,431,103
15.92998458906089,100.0,1,1278,1004,0.1200701139351446,456,208
16.528443590243857,100.0,1,1283,1006,0.12101354303189166,453,207
17.469268905055916,100.0,1,1286,996,0.1270815074496056,448,180
18.36323765259192,100.0,1,1225,1049,0.0773966578715919,429,201
18.93854965155096,100.0,1,1289,1117,0.0714879467996675,448,266
19.521980097885407,100.0,1,1338,1149,0.07599517490952955,471,268
20.423888875146762,100.0,1,1390,1128,0.10405083399523431,489,262
21.49183213434504,100.0,1,1425,1147,0.10808709175738725,520,273
22.288463509252356,100.0,1,1451,1120,0.12874367950213925,519,234
22.98716036272968,100.0,1,1459,1181,0.1053030303030303,536,264
23.664777777202765,100.0,1,1483,1205,0.10342261904761904,567,261
24.45561544029523,100.0,1,1504,1241,0.09581056466302368,527,278
24.980535070560443,100.0,1,1521,1246,0.09938561619082038,539,252
26.116917092912875,100.0,1,1593,1229,0.12898653437278526,577,235
26.675209462592214,100.0,1,1601,1275,0.1133518776077886,580,271
27.41328537138448,100.0,1,1663,1278,0.13090785447126826,627,261
28.0632700732778,100.0,1,1721,1357,0.11825860948667966,656,314
28.95438241036188,100.0,1,1740,1300,0.14473684210526316,675,257
29.57351478055119,100.0,1,1776,1309,0.15137763371150728,675,266
30.57288075087974,100.0,1,1768,1321,0.1447070249271609,667,240
31.61041197829064,100.0,1,1769,1310,0.14907437479701202,667,229
32.3027594211996,100.0,1,1766,1332,0.14009038089089734,650,225
32.95236279950945,100.0,1,1713,1366,0.11269892822344917,602,259
34.401549780306276,100.0,1,1747,1402,0.1095585900285805,554,270
35.09246907834652,100.0,1,1794,1484,0.09456985967053082,591,347
35.863976697329484,100.0,1,1788,1535,0.07613602166716822,605,398
36.54287485314223,100.0,1,1807,1561,0.07304038004750593,599,417
37.31429902436744,100.0,1,1870,1505,0.10814814814814815,628,361
38.314025235771346,100.0,1,1861,1542,0.09374081692624155,608,397
38.95523395070339,100.0,1,1869,1540,0.09650924024640657,615,394
39.54181848591892,100.0,1,1834,1586,0.07251461988304093,568,408
40.438324436951234,100.0,1,1866,1631,0.06720045753503003,599,414
41.26943684571651,100.0,1,1872,1629,0.06940874035989718,605,394
41.60500900470278,100.0,1,1871,1643,0.06488332384746727,585,369
42.44619432633032,100.0,1,1972,1718,0.06883468834688347,668,409
43.53331646871421,100.0,1,2006,1732,0.07330123060460139,693,402
44.36263490314979,100.0,1,2026,1743,0.07508622976916954,688,413
45.17086589143428,100.0,1,2047,1757,0.07623554153522608,724,406
46.47086154765852,100.0,1,2106,1797,0.07916986933128363,746,440
47.60295891511716,100.0,1,2060,1837,0.05722350526045676,700,472
48.59149755040081,100.0,1,2186,1845,0.08459439345075663,795,480
49.27946389324227,100.0,1,2146,1889,0.06369268897149938,817,520
50.43718550830738,100.0,1,2182,1889,0.07197248833210514,832,494
51.07641913725865,100.0,1,2164,1987,0.04264032763189593,827,571
52.141395694333035,100.0,1,2188,2029,0.037704529286222435,851,578
52.7143965976251,100.0,1,2214,2016,0.04680851063829787,869,555
53.198857826241394,100.0,1,2208,2066,0.033224145999064106,864,602
53.73895342101397,100.0,1,2197,2096,0.023526671325413463,872,625
54.204413400131294,100.0,1,2264,2189,0.01684257803727824,883,713
55.198314619954424,100.0,1,2298,2253,0.00988793671720501,899,746
56.08519193237544,100.0,1,2302,2234,0.014991181657848324,876,725
57.32490578789838,100.0,1,2355,2285,0.015086206896551725,889,755
57.88485049548129,100.0,1,2369,2299,0.014995715509854327,903,780
59.17763790061358,100.0,1,2350,2309,0.008800171710667526,881,767
60.075902451936784,100.0,1,2353,2289,0.013787160706591986,879,721
60.801222339768756,100.0,1,2396,2318,0.016546457361052185,872,746
61.463561960595115,100.0,1,2512,2325,0.03866032664874922,853,743
62.27698925333154,100.0,1,2505,2326,0.03705237010970813,846,718
62.93674875415719,100.0,1,2578,2340,0.04839365595770639,887,717
63.3045723201934,100.0,1,2558,2374,0.0373073803730738,867,762
64.23788599931542,100.0,1,2530,2389,0.028664362675340515,839,759
64.97202193672081,100.0,1,2489,2390,0.020291043246566918,764,759
65.641732103458,100.0,1,2486,2355,0.02706052468498244,764,724
66.33866590587616,100.0,1,2480,2375,0.021627188465499485,785,744
67.17279706518012,100.0,1,2536,2388,0.030056864337936636,832,733
68.62162566284158,100.0,1,2537,2350,0.038264784121137714,800,692
69.1428169673971,100.0,1,2536,2339,0.04041025641025641,799,663
69.84734560720015,100.0,1,2555,2326,0.04691661544765417,791,649
70.40375604039964,100.0,1,2581,2346,0.04769636695758068,806,646
70.8208715827355,100.0,1,2608,2357,0.05055387713997986,816,631
71.40737289471248,100.0,1,2619,2371,0.04969939879759519,803,634
71.89242984133205,100.0,1,2680,2334,0.06900678101316314,844,595
72.5531262884035,100.0,1,2714,2440,0.05316259216142802,881,615
73.28309263265153,100.0,1,2698,2397,0.0590775269872424,878,572
74.14300524144792,100.0,1,2755,2397,0.06948757763975155,935,571
75.30283264700287,100.0,1,2796,2417,0.07270285823901784,969,572
75.9552765119526,100.0,1,2786,2424,0.06948176583493282,966,579
76.42248373674526,100.0,1,2810,2519,0.05460686808031526,966,612
77.67007327588797,100.0,1,2850,2542,0.05712166172106825,967,626
78.82583916176966,100.0,1,2866,2574,0.05367647058823529,967,679
79.559035194471,100.0,1,2836,2645,0.03484765553731071,939,668
80.28345371714528,100.0,1,2863,2641,0.0403343023255814,965,681
80.94993147736116,100.0,1,2851,2640,0.03842651611728282,957,647
81.98875538503805,100.0,1,2851,2720,0.023514629330461317,956,733
83.0390683222135,100.0,1,2779,2747,0.00579080709373869,881,758
83.58107995950634,100.0,1,2765,2771,-0.001083815028901734,867,780
84.04959104202821,100.0,1,2782,2743,0.007058823529411765,866,744
84.86537661551502,100.0,1,2758,2768,-0.0018096272167933405,841,758
85.90417573257974,100.0,1,2792,2776,0.0028735632183908046,848,766
86.58109291167239,100.0,1,2812,2824,-0.0021291696238466998,865,806
87.43922719945655,100.0,1,2817,2851,-0.005998588567395907,867,824
88.15803949340717,100.0,1,2844,2846,-0.000351493848857645,859,819
88.73310200752908,100.0,1,2887,2930,-0.007392126525700533,860,888
89.52810635413405,100.0,1,2873,2987,-0.019453924914675767,827,925
90.06712646979345,100.0,1,2883,2998,-0.01955449753443292,835,956
90.89076005607377,100.0,1,2896,3009,-0.01913632514817951,848,965
91.75125727606658,100.0,1,2940,2981,-0.00692450599560885,892,936
92.56938938256461,100.0,1,2989,3008,-0.003168250792062698,911,958
93.39757255064094,100.0,1,2987,3007,-0.00333667000333667,908,955
94.61218476834881,100.0,1,2964,3071,-0.017729908864954434,885,961
95.57941129951872,100.0,1,2967,3078,-0.01836228287841191,843,968
96.59626111446052,100.0,1,2954,3061,-0.01778886118038238,812,974
97.34304526240251,100.0,1,2972,3068,-0.015894039735099338,827,991
98.64461874643732,100.0,1,2988,3027,-0.006483790523690773,823,961
99.66885743773052,100.0,1,3001,3015,-0.002327127659574468,799,949
100.51534967652691,100.0,1,3019,3011,0.0013266998341625207,808,937
101.25374641673777,100.0,1,3076,3005,0.011675711231705311,827,918
101.90987449154535,100.0,1,3065,3045,0.0032733224222585926,821,909
102.94456671085479,100.0,1,3128,3058,0.011315874555447785,861,919
103.55046053989025,100.0,1,3097,3024,0.01192615585688613,825,889
104.04250684533505,100.0,1,3121,3032,0.014464488867219242,853,884
104.76112268305961,100.0,1,3070,3037,0.005403635172752579,803,888
105.65738074798408,100.0,1,3026,2986,0.00665335994677312,803,848
106.70584555656534,100.0,1,3025,3029,-0.0006607201850016518,814,875
107.40097455258574,100.0,1,3018,3062,-0.007236842105263158,791,846
108.35241910163725,100.0,1,3012,3055,-0.007087522663589913,829,839
109.20122948906283,100.0,1,3048,3110,-0.01006820396232543,836,893
109.87422900284035,100.0,1,3086,3157,-0.011372737465961878,881,936
110.70525871133647,100.0,1,3184,3189,-0.0007845598619174643,935,961
111.2537806208759,100.0,1,3193,3184,0.0014113219382154618,939,954
112.17641039579964,100.0,1,3282,3256,0.0039767513000917715,1007,1007
113.04003050660617,100.0,1,3309,3281,0.004248861911987861,1014,1024
114.13218086187761,100.0,1,3407,3318,0.013234200743494424,1045,1023
115.41598404951034,100.0,1,3432,3405,0.003949100482667837,1045,1026
116.3755243592779,100.0,1,3422,3435,-0.0018958728306839726,1029,1056
117.14379690205779,100.0,1,3507,3523,-0.002275960170697013,1081,1073
117.91547495744615,100.0,1,3516,3584,-0.009577464788732394,1082,1135
118.97925669910951,100.0,1,3516,3599,-0.011665495432185523,1055,1132
120.03304250126938,100.0,1,3503,3657,-0.021508379888268158,1042,1152
120.38637979399947,100.0,1,3544,3659,-0.01596556990142996,1060,1154
121.22741546064154,100.0,1,3571,3652,-0.011214176934791638,1090,1147
121.83776977770455,100.0,1,3524,3693,-0.023416932243314398,1043,1180
122.3866093842324,100.0,1,3472,3723,-0.03488533703961084,1030,1189
123.04380859011273,100.0,1,3500,3672,-0.023982152816508645,1056,1165
123.66258620543474,100.0,1,3541,3704,-0.022498274672187717,1073,1170
124.19069352995618,100.0,1,3546,3737,-0.02622545654263353,1054,1168
124.73786972256485,100.0,1,3596,3753,-0.021363450809633963,1061,1187
125.81209169316477,100.0,1,3633,3756,-0.01664636622005684,1067,1191
126.30980378939894,100.0,1,3612,3835,-0.029944944272861554,1041,1236
127.81682633058296,100.0,1,3617,3819,-0.027165142549757933,1032,1196
128.88102943354045,100.0,1,3624,3837,-0.028548451950140732,1034,1203
129.8248777217678,100.0,1,3653,3915,-0.03461945031712474,1057,1281
130.37066875142318,100.0,1,3687,3869,-0.024086818422445738,1091,1232
131.1630794021847,100.0,1,3734,3902,-0.022001047668936617,1135,1281
132.1998252719849,100.0,1,3791,3927,-0.01762114537444934,1176,1304
132.80354257726847,100.0,1,3762,4002,-0.030911901081916538,1138,1327
133.72976281989108,100.0,1,3774,4057,-0.03613842421146725,1150,1358
134.45052950430156,100.0,1,3812,4139,-0.041126902276443215,1169,1411
135.02978556199642,100.0,1,3777,4141,-0.04597120484970952,1134,1385
135.97627349910158,100.0,1,3740,4156,-0.05268490374873354,1097,1392
136.70274490614887,100.0,1,3717,4203,-0.06136363636363636,1065,1429
137.06770877792442,100.0,1,3749,4284,-0.06660027387028507,1065,1423
138.25541576445153,100.0,1,3751,4273,-0.06505483549351944,1087,1411
138.9240933272157,100.0,1,3807,4285,-0.05907068709836876,1152,1413
139.8172640543876,100.0,1,3821,4248,-0.052918577271037305,1166,1376
140.43271483999098,100.0,1,3777,4247,-0.05857427716849452,1107,1374
141.11213142438936,100.0,1,3818,4287,-0.05786551511412708,1081,1363
141.93968013377923,100.0,1,3962,4368,-0.04873949579831933,1187,1444
142.41915505652702,100.0,1,3977,4377,-0.04788125448886761,1237,1424
143.23775063984726,100.0,1,3987,4448,-0.054653230586840545,1239,1407
143.87531052049857,100.0,1,4052,4487,-0.05094273334114065,1299,1440
144.75361079997168,100.0,1,4129,4508,-0.04388097719115434,1335,1439
145.60465724378676,100.0,1,4151,4494,-0.03967611336032389,1329,1418
146.81821223920568,100.0,1,4154,4553,-0.04582519811645802,1338,1475
147.67963993914722,100.0,1,4223,4614,-0.04424578476858662,1384,1531
148.40755713332368,100.0,1,4148,4597,-0.05134362492853059,1309,1509
148.93119732438518,100.0,1,4066,4604,-0.06205305651672434,1234,1509
149.8304700386505,100.0,1,4144,4601,-0.05225843339050886,1281,1517
150.93559733526087,100.0,1,4180,4577,-0.04533516044307411,1293,1500
151.68379985740697,100.0,1,4165,4529,-0.04186795491143317,1263,1450
152.67252995932998,100.0,1,4244,4528,-0.03237574099407205,1303,1449
153.49819819870015,100.0,1,4283,4590,-0.03459934633156768,1311,1480
154.30149962371007,100.0,1,4258,4594,-0.037957523723452326,1316,1480
154.84583720765744,100.0,1,4248,4664,-0.0466786355475763,1306,1500
155.29348624630794,100.0,1,4199,4699,-0.05619240278714318,1272,1517
155.88654674613585,100.0,1,4211,4684,-0.05317594154019112,1279,1519
156.65193135618495,100.0,1,4313,4730,-0.04611301559217074,1303,1555
157.214825113583,100.0,1,4372,4624,-0.028012449977767896,1308,1474
158.01398515165084,100.0,1,4457,4635,-0.01957765068191817,1391,1491
158.85370766476152,100.0,1,4477,4723,-0.02673913043478261,1394,1514
159.82500728843036,100.0,1,4535,4755,-0.023681377825618945,1438,1546
160.83979806956552,100.0,1,4574,4712,-0.014861081197501616,1423,1514
161.763577893742,100.0,1,4602,4743,-0.015088282504012842,1439,1545
162.45745224875338,100.0,1,4604,4706,-0.010955961331901182,1429,1499
163.57607366138026,100.0,1,4640,4761,-0.012870971173279438,1465,1502
164.01504804138733,100.0,1,4608,4822,-0.022693531283138918,1419,1551
164.5573576325175,100.0,1,4636,4814,-0.018835978835978835,1420,1552
165.59530727922055,100.0,1,4615,4753,-0.014730999146029034,1399,1478
166.27338989917624,100.0,1,4658,4783,-0.013240122868340217,1433,1488
166.96010148120462,100.0,1,4716,4825,-0.011424378995912378,1462,1513
167.5880640047051,100.0,1,4710,4843,-0.013922328064482362,1456,1493
167.86148664162369,100.0,1,4645,4916,-0.028344315448174878,1449,1530
168.46021498125225,100.0,1,4653,4911,-0.026976160602258468,1410,1525
168.94064622279106,100.0,1,4679,5003,-0.0334641602974592,1418,1561
169.7270042199445,100.0,1,4711,5020,-0.03175418764772377,1440,1577
170.861826117535,100.0,1,4795,5024,-0.023322130563193808,1503,1581
171.85766519394153,100.0,1,4865,5059,-0.01954856912535268,1563,1562
172.79632727958034,100.0,1,4855,5048,-0.019489043724124,1522,1531
173.53732007595806,100.0,1,4850,5059,-0.021091936623271773,1500,1521
174.58409701932013,100.0,1,4868,5064,-0.01973419250906162,1496,1521
175.07138645084834,100.0,1,4901,5061,-0.016061031921300945,1494,1515
176.40174575622336,100.0,1,4893,5047,-0.015492957746478873,1498,1466
176.7428524343009,100.0,1,4883,5044,-0.016218394278231088,1489,1456
177.52840312097504,100.0,1,4870,5059,-0.019035149561889415,1490,1434
178.53568305869794,100.0,1,4877,5100,-0.022351408238949586,1461,1466
179.45423321225994,100.0,1,4897,5134,-0.02362675705313528,1441,1452
179.94664017955478,100.0,1,4951,5135,-0.018243109260360896,1484,1452
180.61524050490024,100.0,1,4986,5149,-0.016082881105081402,1468,1451
181.75638185929304,100.0,1,4979,5172,-0.01901290513249926,1470,1459
182.16677057313794,100.0,1,4962,5209,-0.024284731098220432,1458,1491
182.6807376481034,100.0,1,4991,5208,-0.02127659574468085,1458,1452
183.36812552422907,100.0,1,4969,5208,-0.02348432740493269,1415,1452
184.27156607199157,100.0,1,4981,5194,-0.020933660933660933,1409,1438
184.98244632575677,100.0,1,4983,5202,-0.02150220913107511,1410,1431
185.6808384950328,100.0,1,5061,5254,-0.018710615608337373,1461,1459
186.59526945838098,100.0,1,5130,5247,-0.011274934952298352,1479,1459
187.56861398377748,100.0,1,5155,5283,-0.012262885610270167,1495,1459
188.18201402021575,100.0,1,5169,5317,-0.014114056837688346,1506,1486
189.6516631356103,100.0,1,5104,5286,-0.01751684311838306,1438,1485
190.3936028002615,100.0,1,5131,5259,-0.01231953801732435,1442,1458
191.15725088899805,100.0,1,5167,5273,-0.010153256704980842,1453,1456
191.57121286223966,100.0,1,5160,5275,-0.011020603737422138,1439,1459
192.51745313684046,100.0,1,5263,5299,-0.0034084453701950387,1503,1460
193.01019351988674,100.0,1,5367,5316,0.004773939904521202,1581,1460
193.62333553154758,100.0,1,5380,5371,0.0008371314296344527,1581,1483
194.20758759900417,100.0,1,5363,5372,-0.0008383791336748953,1561,1484
194.65356995205894,100.0,1,5374,5359,0.0013975589304015652,1570,1467
195.12594220464817,100.0,1,5424,5354,0.006494711449248469,1586,1454
196.35397275576554,100.0,1,5446,5299,0.013680781758957655,1589,1399
197.2659540572322,100.0,1,5438,5337,0.00937354988399072,1611,1445
197.84635387011636,100.0,1,5432,5362,0.00648508430609598,1605,1447
198.91120517615408,100.0,1,5430,5476,-0.004217861727489456,1612,1479
199.31165593498656,100.0,1,5402,5500,-0.008989176297926987,1579,1503
200.26258892861566,100.0,1,5440,5477,-0.0033892094897865713,1596,1464
201.59164094590224,100.0,1,5466,5500,-0.0031004924311508297,1568,1488
202.5012488782205,100.0,1,5454,5594,-0.012671976828385228,1562,1546
203.31570225842512,100.0,1,5448,5651,-0.018289936030273,1540,1567
204.04151354693713,100.0,1,5449,5680,-0.02075658190313595,1532,1569
204.84919817221893,100.0,1,5453,5651,-0.017831412103746398,1535,1596
205.83636553022495,100.0,1,5495,5652,-0.014084507042253521,1553,1586
206.39361533572773,100.0,1,5608,5622,-0.001246660730186999,1557,1554
207.0142782755241,100.0,1,5626,5616,0.000889521437466643,1567,1539
207.63704954014753,100.0,1,5689,5656,0.002908770383428823,1609,1572
208.52037137357755,100.0,1,5710,5686,0.002106002106002106,1632,1568
209.13931438101844,100.0,1,5682,5723,-0.0035949145111793075,1633,1574
210.05795485241802,100.0,1,5721,5660,0.005359810209999121,1643,1518
210.70907291419167,100.0,1,5752,5660,0.008061689449702068,1664,1520
211.61023219049548,100.0,1,5830,5629,0.017540797626319923,1704,1488
212.14486810983274,100.0,1,5859,5691,0.014545454545454545,1718,1549
212.68829577982262,100.0,1,5901,5606,0.025636569044929173,1744,1459
213.3856745829962,100.0,1,5950,5614,0.029055690072639227,1784,1467
214.73641278457342,100.0,1,5936,5632,0.02627939142461964,1779,1485
215.72821894579423,100.0,1,5961,5619,0.029533678756476684,1783,1466
216.32012565430253,100.0,1,6003,5665,0.0289681179293795,1789,1512
217.0085817025534,100.0,1,6002,5642,0.03091721058055651,1781,1467
218.04448505051582,100.0,1,5986,5731,0.021763249978663482,1761,1455
218.51229515158167,100.0,1,6007,5813,0.01641285956006768,1756,1532
219.26414715174238,100.0,1,6022,5828,0.016371308016877636,1728,1547
219.95391750924895,100.0,1,6046,5884,0.01357921207041073,1752,1568
220.70826234227064,100.0,1,6099,5830,0.02255008802078967,1770,1583
221.51990938747846,100.0,1,6059,5862,0.016525459273550876,1719,1607
222.57567596803574,100.0,1,6114,5878,0.019679786524349565,1754,1623
223.09326305869735,100.0,1,6115,5838,0.023174098552664602,1739,1584
223.65489516408257,100.0,1,6163,5814,0.029139183434916924,1763,1588
224.24920056725506,100.0,1,6184,5794,0.032559692770078474,1797,1568
225.0888632792198,100.0,1,6225,5822,0.03345231177886611,1813,1577
225.78544841255624,100.0,1,6263,5859,0.0333278336908101,1850,1599
226.7468012504303,100.0,1,6351,5892,0.03749081107571674,1919,1599
227.4417402571575,100.0,1,6331,5903,0.0349844695111983,1920,1607
227.98823260437334,100.0,1,6318,5907,0.03361963190184049,1898,1608
228.7164415887366,100.0,1,6303,5921,0.03125,1847,1610
229.27016195125,100.0,1,6383,5935,0.03636954050982302,1918,1604
229.92040191615308,100.0,1,6405,5860,0.04443538524256013,1928,1597
230.4063857350058,100.0,1,6385,5854,0.04338589754064875,1915,1577
231.29134426484782,100.0,1,6377,5862,0.04207860119290792,1895,1613
231.85835956497348,100.0,1,6345,5871,0.03880157170923379,1870,1615
232.32687482401755,100.0,1,6298,5845,0.03730544346537099,1832,1620
232.8045866374926,100.0,1,6334,5875,0.037595216643459745,1868,1617
233.57379141993965,100.0,1,6343,5865,0.03915465268676278,1876,1604
233.99015703229063,100.0,1,6466,5833,0.051467598991787954,1990,1551
234.6290836091923,100.0,1,6476,5801,0.05498085851592409,2000,1514
235.83394508258635,100.0,1,6476,5836,0.05198180636777128,1998,1513
237.03202896701634,100.0,1,6476,5852,0.050616482803374434,1995,1546
237.9081216369286,100.0,1,6467,5913,0.04474959612277868,1986,1559
239.04730549400833,100.0,1,6489,5993,0.03973722159910271,1999,1585
239.6002129182629,100.0,1,6511,6016,0.03951464835954339,1984,1604
240.13552274774835,100.0,1,6486,6057,0.03420234393685721,1970,1562
240.74914668143003,100.0,1,6572,6097,0.037493093377535716,2013,1584
241.15928444835447,100.0,1,6611,6053,0.044061907770056856,2039,1584
241.727290918684,100.0,1,6612,6096,0.04060434372049103,2035,1611
242.31960387707966,100.0,1,6669,6092,0.045215892171459916,2069,1607
242.88445336721338,100.0,1,6673,6111,0.043961201501877344,2073,1626
243.68511659351444,100.0,1,6651,6144,0.03962485345838218,2066,1629
244.87334675597347,100.0,1,6660,6151,0.03973148075872297,2073,1630
245.83162600160784,100.0,1,6668,6093,0.04505916464226942,2065,1605
246.26473354195863,100.0,1,6665,6101,0.04417985273382422,2061,1603
246.837349629577,100.0,1,6640,6070,0.044846577498033044,2030,1573
247.2123460156048,100.0,1,6620,6076,0.0428481411468179,2010,1564
248.26349654188343,100.0,1,6663,6122,0.042315213140398905,2023,1558
248.9723576788277,100.0,1,6684,6122,0.0438856785881618,2041,1566
249.79780349884913,100.0,1,6659,6122,0.04201549174555982,2019,1557
250.62001772722138,100.0,1,6650,6075,0.04518664047151277,2010,1510
251.52059587865097,100.0,1,6658,6028,0.04966104367018761,2016,1476
252.49358962570417,100.0,1,6636,6037,0.047265840763828615,1975,1496
252.89250789764958,100.0,1,6643,6019,0.049281314168377825,1979,1485
253.65233537926557,100.0,1,6678,6014,0.05231641979199496,2013,1485
254.48951214054716,100.0,1,6724,6017,0.05549014990974021,2057,1474
254.98142480770971,100.0,1,6697,6056,0.05026268329020622,2015,1479
255.75918671849138,100.0,1,6714,6037,0.05309387499019685,2018,1456
256.6673609056365,100.0,1,6677,6027,0.05116498740554156,2004,1450
257.90760894857783,100.0,1,6705,6080,0.04888541259288228,1998,1431
258.9212684657071,100.0,1,6737,6094,0.05011300755981607,1997,1445
259.7878206965741,100.0,1,6712,6094,0.04825862876776511,1977,1445
260.7171358259495,100.0,1,6734,6144,0.04581456747942227,1999,1450
261.75456850231683,100.0,1,6762,6162,0.04642525533890436,2059,1434
262.4880605203441,100.0,1,6808,6176,0.04867529266789895,2099,1440
262.97342798601386,100.0,1,6827,6183,0.04950038431975404,2118,1429
264.05711471191074,100.0,1,6828,6145,0.05264780698373545,2119,1393
264.468025656808,100.0,1,6832,6174,0.05059203444564048,2123,1410
265.2509219322446,100.0,1,6839,6194,0.04948975677127292,2130,1404
265.78088290893277,100.0,1,6912,6173,0.05647688192586932,2162,1356
266.6309347763717,100.0,1,6922,6136,0.06019298514320723,2153,1328
267.15920795412376,100.0,1,6929,6186,0.05665268776210446,2142,1367
267.99519072618153,100.0,1,6919,6230,0.052399422009278274,2132,1381
268.67726008863895,100.0,1,6895,6324,0.043195400559800284,2104,1412
269.23591435294134,100.0,1,6910,6324,0.04427988514432522,2109,1416
269.76837760863987,100.0,1,6933,6393,0.040522287257991896,2120,1478
270.7179054643925,100.0,1,6941,6451,0.03658900836320191,2128,1455
271.24802222938376,100.0,1,6890,6472,0.031282742104475375,2068,1460
272.0165192210533,100.0,1,6872,6505,0.027435149884129477,2036,1493
272.6241612597467,100.0,1,6868,6628,0.01778304682868998,2027,1556
273.45686265924377,100.0,1,6894,6662,0.017114192977279435,2027,1618
274.6513236218864,100.0,1,6894,6688,0.015167132970107496,2033,1621
275.57665860509667,100.0,1,6832,6677,0.011473832259974831,2025,1631
276.4078372092905,100.0,1,6797,6687,0.008157816671610798,1990,1654
277.3175369196179,100.0,1,6767,6667,0.007443799315170463,1960,1637
278.36792694314084,100.0,1,6783,6678,0.0078003120124804995,1958,1641
278.8532667820848,100.0,1,6794,6687,0.007937096654550849,1955,1650
279.76246823209283,100.0,1,6760,6810,-0.0036845983787767134,1921,1640
280.4714097218891,100.0,1,6742,6838,-0.007069219440353461,1903,1614
280.9095876670204,100.0,1,6728,6829,-0.007450025816921148,1876,1613
282.30655514095946,100.0,1,6736,6912,-0.012895662368112544,1878,1696
283.25248014293896,100.0,1,6792,6940,-0.01077774541217594,1881,1708
283.944244312194,100.0,1,6806,6947,-0.010252308587217334,1881,1698
284.7081697110118,100.0,1,6804,6947,-0.010399243691367901,1879,1697
285.47961771091474,100.0,1,6802,6949,-0.01069013162679078,1885,1698
286.164796633937,100.0,1,6851,6987,-0.009828009828009828,1870,1723
287.0518711527695,100.0,1,6860,7012,-0.010957324106113034,1879,1734
287.78283707054385,100.0,1,6964,7039,-0.005355995143897736,1940,1749
288.59711290993863,100.0,1,6974,7081,-0.007612949128424048,1921,1757
289.2588078121198,100.0,1,7036,7098,-0.0043865855384179996,1954,1774
290.3790645594267,100.0,1,7076,7107,-0.002185715292956356,1918,1767
291.4349805196239,100.0,1,7079,7101,-0.0015514809590973203,1887,1752
291.9439781096141,100.0,1,7118,7148,-0.002102902004766578,1925,1765
292.796663241709,100.0,1,7109,7096,0.0009151707145371348,1900,1731
293.33327055878095,100.0,1,7098,7099,-7.043741635556808e-05,1892,1736
293.95332210255464,100.0,1,7119,7114,0.00035129628328532284,1888,1774
295.05755026292917,100.0,1,7202,7156,0.00320378882852765,1902,1770
295.8339894835779,100.0,1,7195,7203,-0.0005556327267676066,1889,1796
296.53346236211104,100.0,1,7184,7215,-0.002152927286617126,1875,1798
297.07471069572114,100.0,1,7195,7277,-0.005666113875069099,1863,1807
297.83210073874125,100.0,1,7182,7287,-0.00725689404934688,1830,1817
298.8189246923431,100.0,1,7166,7304,-0.009536973047684865,1832,1828
299.44940845426515,100.0,1,7167,7329,-0.011175496688741722,1825,1843
300.361628802455,100.0,1,7156,7348,-0.013237727523441808,1830,1851
301.188286964212,100.0,1,7177,7337,-0.01102383905194984,1787,1849
301.96239612121565,100.0,1,7178,7290,-0.007741222007188278,1788,1833
302.9042092337379,100.0,1,7219,7346,-0.00871953312736011,1784,1888
304.1793028974301,100.0,1,7245,7288,-0.0029587834583362006,1810,1823
304.79729473175576,100.0,1,7270,7330,-0.00410958904109589,1810,1858
305.6644550851599,100.0,1,7284,7332,-0.003284072249589491,1840,1858
306.4084352774761,100.0,1,7301,7340,-0.0026637524759237758,1857,1864
307.2971037831575,100.0,1,7361,7361,0.0,1917,1859
307.81984684642816,100.0,1,7365,7404,-0.002640666260410319,1923,1895
308.92855475138634,100.0,1,7402,7371,0.0020984227983483384,1908,1875
309.65841026474544,100.0,1,7402,7340,0.004205670872337539,1907,1873
310.30453043171855,100.0,1,7430,7311,0.008072722339054338,1937,1860
310.92925883911295,100.0,1,7456,7179,0.01892722924496071,1918,1815
311.45969029653236,100.0,1,7461,7191,0.018427518427518427,1921,1815
312.0613037158427,100.0,1,7480,7237,0.016511517292926547,1940,1855
312.88396322798485,100.0,1,7483,7283,0.013544629554381687,1938,1817
314.30824936487136,100.0,1,7481,7284,0.013342363697934304,1946,1818
314.86598022262984,100.0,1,7557,7326,0.015521064301552107,1967,1856
315.9904650418212,100.0,1,7600,7312,0.019313304721030045,1973,1848
317.35580019386316,100.0,1,7637,7278,0.02406972846128059,1966,1805
318.3611909167973,100.0,1,7634,7272,0.02428552260834563,1964,1798
318.84831215424543,100.0,1,7661,7297,0.02433480411819762,1999,1802
319.6930407507965,100.0,1,7658,7313,0.02304455280208403,1987,1795
320.348368217508,100.0,1,7670,7309,0.024100407236798183,1996,1791
321.0926215909955,100.0,1,7672,7218,0.030490261920752184,1994,1698
321.4546713462974,100.0,1,7652,7273,0.02539363484087102,1967,1710
322.1380462335224,100.0,1,7660,7304,0.023790430366212242,1955,1732
323.09912501357815,100.0,1,7696,7247,0.030047513886100514,1986,1675
324.12805126940617,100.0,1,7734,7258,0.03175026680896478,1981,1675
324.64692951475996,100.0,1,7759,7266,0.03281198003327787,2006,1682
325.34954019950334,100.0,1,7806,7320,0.032130107100357,2004,1714
326.14038054646096,100.0,1,7843,7319,0.03456008442158027,2023,1723
326.90783169214535,100.0,1,7937,7269,0.04393002762067605,2059,1673
327.59571742728633,100.0,1,7946,7276,0.04401524109841019,2058,1694
328.1627448443012,100.0,1,7963,7223,0.04872909258527591,2058,1688
328.971621302557,100.0,1,7906,7241,0.04390308311876939,1989,1688
329.8219842371801,100.0,1,7908,7230,0.04478795085216013,1981,1688
330.5570788432209,100.0,1,7914,7232,0.045028390334081604,1986,1684
331.12461140418606,100.0,1,7921,7282,0.042031178056962444,1968,1714
331.6954796743987,100.0,1,7959,7259,0.045998160073597055,1974,1691
332.3222671991696,100.0,1,7970,7316,0.042784247023420124,1981,1749
333.35087373979866,100.0,1,7934,7323,0.040047191453103495,1921,1740
334.0955481782373,100.0,1,7976,7368,0.03962460896767466,1934,1786
334.8897285716776,100.0,1,8066,7388,0.04387213666364695,1916,1786
335.5578053416058,100.0,1,8092,7356,0.047643707923355774,1941,1750
336.1739078184926,100.0,1,8133,7429,0.04523840123377458,1941,1768
337.39362466106905,100.0,1,8136,7440,0.04468412942989214,1962,1788
338.3117985668555,100.0,1,8137,7497,0.04093642062172189,1961,1815
338.76923664801836,100.0,1,8139,7525,0.03919816138917263,1947,1802
339.34152444370375,100.0,1,8170,7518,0.041560428352881186,1957,1795
340.01488901106995,100.0,1,8149,7590,0.0355168689243281,1930,1815
341.4869797267736,100.0,1,8177,7549,0.039933867480605366,1961,1778
342.2494018172439,100.0,1,8211,7486,0.04618716952283876,1965,1705
343.30519354850645,100.0,1,8288,7498,0.05004434308881287,1981,1706
344.76096117327296,100.0,1,8250,7549,0.04436989682891322,1943,1758
345.50589343227233,100.0,1,8341,7506,0.05269136114090995,1990,1741
346.09248890504443,100.0,1,8384,7568,0.05115346038114343,1993,1752
346.7444264224531,100.0,1,8417,7578,0.052453891841200376,2018,1733
347.3735127090326,100.0,1,8411,7695,0.04445548242890848,2011,1817
348.23822191749804,100.0,1,8478,7662,0.05055762081784387,2066,1819
349.15616002276624,100.0,1,8502,7726,0.047818585161449344,2075,1859
349.90834823653853,100.0,1,8446,7728,0.04439223445035242,1990,1854
351.0981650522493,100.0,1,8472,7712,0.04695996045477014,2016,1855
351.9569595663516,100.0,1,8437,7740,0.04308586264449527,1981,1871
352.6036959797601,100.0,1,8413,7698,0.04437961641114766,1972,1812
353.04264182300307,100.0,1,8443,7698,0.04615575243169568,2002,1792
353.6508734637492,100.0,1,8439,7716,0.044753946146703805,1996,1806
354.5189430006726,100.0,1,8523,7738,0.04827501383678741,1995,1804
354.89402266074194,100.0,1,8546,7775,0.04723975246614791,1997,1804
355.282412752445,100.0,1,8556,7778,0.047630708950655076,2010,1795
355.92127389794683,100.0,1,8578,7818,0.04635276896804098,2020,1813
357.0386082871551,100.0,1,8656,7800,0.05201750121536218,2033,1813
357.6615139104395,100.0,1,8686,7852,0.05042931430644576,2063,1865
358.49315768214905,100.0,1,8680,7883,0.04811930205880577,2062,1885
359.36698482335044,100.0,1,8645,7794,0.05176713912038445,2056,1799
360.5540615698702,100.0,1,8651,7789,0.0524330900243309,2057,1797
361.06241706774705,100.0,1,8649,7931,0.04330518697225573,2053,1858
361.55019788799177,100.0,1,8668,7949,0.043268941445507615,2064,1878
362.3792930123421,100.0,1,8717,7965,0.04507852775446589,2103,1891
363.0150445348719,100.0,1,8730,8005,0.04332237824917837,2125,1930
363.4651666894446,100.0,1,8703,8052,0.03885407341092211,2123,1955
364.5751477721297,100.0,1,8709,7974,0.04405682431217407,2128,1878
365.0507144979776,100.0,1,8760,7970,0.04722056186491333,2182,1874
365.73487286821745,100.0,1,8815,8002,0.04834393768210739,2237,1890
366.73045693283825,100.0,1,8820,8017,0.04769258181386233,2235,1906
367.216710096032,100.0,1,8858,8010,0.05027270571496324,2249,1881
368.1412470628655,100.0,1,8887,8062,0.04867543807894271,2270,1859
369.0851338426512,100.0,1,8892,7997,0.052993072413997276,2275,1773
369.5132147987459,100.0,1,8912,8026,0.052308418939662295,2261,1802
370.24913805383596,100.0,1,8928,8064,0.05084745762711865,2276,1822
370.7948169971889,100.0,1,8943,8008,0.05515898767034393,2311,1765
371.3202963022181,100.0,1,8971,8036,0.05497736226259775,2318,1777
371.920555572996,100.0,1,8943,8039,0.05323283476622306,2269,1759
372.64612442428455,100.0,1,8961,7976,0.0581566983527189,2289,1687
373.5901390934995,100.0,1,8983,7964,0.06012863633681478,2291,1675
374.13234643012333,100.0,1,9007,7993,0.059647058823529414,2290,1684
375.2577349462926,100.0,1,9025,7983,0.061265286923800566,2296,1646
375.96306993060097,100.0,1,9040,8017,0.059975376678196635,2290,1651
376.7464686139713,100.0,1,9075,8033,0.06090717792845452,2304,1661
377.43548450695346,100.0,1,9099,8058,0.0606749431718832,2319,1683
377.91768472556913,100.0,1,9102,8133,0.056222802436901656,2321,1700
378.51604943919756,100.0,1,9180,8171,0.058152267880813784,2395,1698
379.36892128581036,100.0,1,9200,8093,0.0640143410628578,2415,1657
380.56215405367976,100.0,1,9284,8098,0.0682315038545622,2454,1662
380.97794432981715,100.0,1,9300,8089,0.06964172752889758,2470,1661
381.88874245025767,100.0,1,9294,8115,0.0677235912459073,2462,1658
382.2831388719449,100.0,1,9299,8154,0.06560476708875265,2467,1668
382.77157673956714,100.0,1,9313,8145,0.06690342536373009,2475,1678
383.78116964324306,100.0,1,9371,8115,0.0718288916847764,2514,1648
384.3513946817608,100.0,1,9388,8104,0.0734049851360622,2521,1644
385.0116677832972,100.0,1,9416,8114,0.07427267541357672,2547,1641
385.6296957444717,100.0,1,9444,8129,0.07483070619700677,2570,1656
386.18693177886644,100.0,1,9409,8092,0.07525284269470316,2541,1657
386.68717544776104,100.0,1,9402,8093,0.07482137753643898,2544,1658
387.4148714344773,100.0,1,9401,8088,0.0750757619074847,2543,1658
388.38926072197535,100.0,1,9408,8100,0.07470870459218643,2557,1668
388.96905460720245,100.0,1,9395,8081,0.07518883039597161,2545,1649
390.06257719027803,100.0,1,9354,8067,0.07387635612192182,2496,1631
390.7953661831333,100.0,1,9420,8120,0.07411630558722919,2530,1655
391.38128348825313,100.0,1,9509,8112,0.07928040406333352,2618,1641
392.3831839535006,100.0,1,9476,8126,0.07669583001931599,2583,1649
393.4776644292027,100.0,1,9544,8133,0.07982123663517565,2600,1649
394.82372912003154,100.0,1,9568,8138,0.08076358296622614,2619,1649
395.5004209254385,100.0,1,9592,8114,0.08347452840844911,2611,1622
396.2909221120377,100.0,1,9602,8239,0.07639706294490219,2628,1683
396.7302034982895,100.0,1,9620,8274,0.07522074438359226,2652,1697
397.8785818930069,100.0,1,9676,8315,0.07564893557890057,2668,1733
398.2324128362944,100.0,1,9656,8377,0.07092552542560861,2660,1793
398.7055258589913,100.0,1,9645,8424,0.06757429852233106,2638,1840
399.32437501664737,100.0,1,9666,8460,0.06653426017874876,2624,1845
400.37203706846293,100.0,1,9698,8491,0.06635878827862994,2656,1874
401.33206745370137,100.0,1,9765,8460,0.07160493827160494,2666,1843
401.7419692475408,100.0,1,9780,8476,0.07142857142857142,2675,1858
402.45151175350367,100.0,1,9806,8491,0.07186970541618845,2701,1860
403.611886358543,100.0,1,9842,8486,0.07398515931907464,2717,1851
404.25826548679686,100.0,1,9819,8498,0.07211879674619207,2689,1865
404.96470600093545,100.0,1,9765,8530,0.06750478272752118,2669,1867
405.9889258065754,100.0,1,9774,8541,0.06732186732186732,2678,1863
407.21042430248565,100.0,1,9702,8553,0.06294165981922761,2625,1898
407.8813126424085,100.0,1,9714,8578,0.062103651869669804,2630,1889
408.54489840948054,100.0,1,9708,8590,0.06109957372390425,2617,1885
409.4765165581729,100.0,1,9617,8612,0.05513193263481266,2526,1911
410.1997115719719,100.0,1,9611,8621,0.05430013163668276,2528,1920
411.2738775528903,100.0,1,9650,8627,0.05597198664988784,2528,1923
412.03551549993864,100.0,1,9668,8631,0.05666976337504782,2546,1899
412.759539262303,100.0,1,9644,8630,0.055488672430775966,2516,1919
413.4602894079587,100.0,1,9645,8636,0.055193917181773425,2501,1887
414.35678147817964,100.0,1,9629,8615,0.055579916684937516,2476,1866
415.32196987607034,100.0,1,9666,8569,0.06015903482314231,2445,1822
415.9625503526333,100.0,1,9641,8584,0.05799725651577503,2419,1837
417.17726939255414,100.0,1,9728,8628,0.05992590978426673,2472,1860
417.84460875737983,100.0,1,9761,8592,0.06369530866888247,2485,1824
419.06539062188295,100.0,1,9785,8609,0.06393389148635424,2485,1841
419.6546810885146,100.0,1,9852,8634,0.0658876987990912,2496,1832
420.64216654572635,100.0,1,9903,8637,0.06828478964401294,2511,1831
421.5852968232814,100.0,1,9855,8619,0.06690483923351738,2488,1788
422.58218233363027,100.0,1,9885,8640,0.06720647773279352,2489,1754
423.33819655349345,100.0,1,9878,8635,0.06714200831847891,2455,1741
423.8204028477388,100.0,1,9862,8604,0.06812520307592332,2449,1736
424.61338443798576,100.0,1,9875,8614,0.0682027151279139,2462,1738
425.1643214599415,100.0,1,9839,8616,0.06626930371173125,2426,1736
426.2813515471892,100.0,1,9854,8667,0.06408941201878948,2445,1761
427.2778980084894,100.0,1,9872,8692,0.06356388709329885,2440,1758
427.9577385250449,100.0,1,9938,8681,0.067511681615554,2451,1753
428.4625429985518,100.0,1,9999,8680,0.07061405856844585,2460,1752
429.14126959224694,100.0,1,10042,8678,0.07286324786324787,2486,1733
429.78360750763494,100.0,1,10051,8723,0.0707361244273996,2487,1778
430.42105408139156,100.0,1,10064,8703,0.07252091437097032,2504,1758
431.02024021190215,100.0,1,10084,8730,0.07196768363984267,2504,1778
431.82776997612194,100.0,1,10073,8720,0.07199489171500027,2484,1764
432.22287291250535,100.0,1,10061,8703,0.07237262843743339,2468,1719
432.7411664633899,100.0,1,10088,8746,0.07125411489858766,2450,1712
433.2479304295813,100.0,1,10134,8745,0.0735738121722549,2479,1715
433.7839865223522,100.0,1,10078,8737,0.07127292054212064,2417,1694
434.5928288796177,100.0,1,10086,8748,0.07104173303599873,2414,1705
435.25303300285526,100.0,1,10080,8768,0.06960950764006792,2418,1723
435.90723196428314,100.0,1,10108,8786,0.06996930242404996,2444,1741
436.637819542241,100.0,1,10090,8810,0.06772486772486773,2443,1761
437.37388337309613,100.0,1,10099,8864,0.06512682592416812,2467,1793
437.84770424300484,100.0,1,10005,8874,0.059907834101382486,2405,1803
439.34756584172015,100.0,1,10013,8875,0.060249894112664126,2437,1800
439.9531285164018,100.0,1,10103,8913,0.06257888094236433,2472,1807
440.6324488064504,100.0,1,10135,8910,0.06432134418482541,2502,1804
441.1480894177009,100.0,1,10204,8997,0.06286130930680693,2548,1872
442.3529549149659,100.0,1,10187,8984,0.0627510302018674,2520,1857
442.9049606214857,100.0,1,10167,9041,0.05862140774677218,2505,1873
443.91963654931413,100.0,1,10163,9060,0.057379181189200434,2490,1888
444.3760797234088,100.0,1,10121,9020,0.057520505720704246,2476,1848
445.00382643486114,100.0,1,10131,8977,0.0603935524387691,2486,1808
445.62315330896246,100.0,1,10120,8977,0.059852332827145624,2466,1776
446.2480618561385,100.0,1,10118,9090,0.05351936693044565,2448,1782
447.1732884105861,100.0,1,10153,9113,0.05398110661268556,2476,1800
447.66951262191475,100.0,1,10222,9115,0.05724776335522573,2502,1781
448.3829584691049,100.0,1,10214,9152,0.05483837653619746,2479,1814
449.30217759001334,100.0,1,10214,9159,0.05445723429515305,2467,1821
450.40492239350345,100.0,1,10241,9257,0.050466714534824084,2476,1817
450.967241092577,100.0,1,10305,9223,0.05540761982793937,2507,1817
451.9114042190793,100.0,1,10330,9252,0.05505055663364314,2502,1849
452.81787868906525,100.0,1,10349,9276,0.05467515923566879,2510,1860
453.3163533748071,100.0,1,10355,9317,0.052765351769011794,2511,1886
453.93341836603133,100.0,1,10419,9327,0.05530233971437253,2572,1890
454.39189197004794,100.0,1,10408,9506,0.045294767500251076,2575,2021
454.86435219878143,100.0,1,10388,9554,0.04182128171697924,2555,2036
455.4574286303157,100.0,1,10387,9565,0.04119887730553328,2554,2037
456.3597126939345,100.0,1,10372,9562,0.04063409250526738,2553,2036
457.16441477762606,100.0,1,10364,9593,0.038633061081324846,2535,2055
458.0242017164069,100.0,1,10346,9625,0.03610234840518752,2516,2087
458.7581554640154,100.0,1,10344,9676,0.03336663336663337,2496,2085
459.40699616279096,100.0,1,10352,9675,0.03380436410845359,2504,2078
460.260784553147,100.0,1,10332,9696,0.03175554224086279,2475,2093
460.96796417523893,100.0,1,10317,9715,0.030051916932907347,2459,2095
461.49870040784975,100.0,1,10332,9825,0.02515255246316416,2474,2182
462.09829479641655,100.0,1,10367,9885,0.02380011850681414,2509,2229
462.69635229237923,100.0,1,10375,9873,0.024792572105887003,2490,2190
463.67680491039016,100.0,1,10331,9893,0.02165743670886076,2402,2188
464.6194052869373,100.0,1,10333,9951,0.01883257740090712,2404,2194
465.60012463132193,100.0,1,10337,9964,0.018373479138958673,2397,2176
466.38340459795415,100.0,1,10362,9967,0.01943037040680801,2413,2205
467.3288777017374,100.0,1,10356,9939,0.020546932742054692,2407,2198
468.17960337373927,100.0,1,10333,9956,0.01858149736310316,2373,2212
468.69080115993233,100.0,1,10411,9955,0.022390258273593245,2440,2215
469.7807280131314,100.0,1,10409,9995,0.020290139188394434,2423,2277
470.72446127779443,100.0,1,10365,9991,0.018372961289054825,2378,2258
471.46427523446204,100.0,1,10393,9968,0.02087323805314081,2399,2207
472.1372040276326,100.0,1,10370,9983,0.019014395912150543,2354,2206
473.073686451367,100.0,1,10336,10051,0.013979496738117428,2321,2254
473.7212537994052,100.0,1,10335,10144,0.009326627276722496,2312,2249
474.6396661374032,100.0,1,10402,10147,0.012409362986033384,2349,2252
475.9836992476822,100.0,1,10423,10123,0.014601382264187676,2352,2252
476.81100670528883,100.0,1,10378,10125,0.012339657611081306,2293,2256
477.8715136028715,100.0,1,10339,10113,0.011050264032857422,2271,2233
478.4629083486091,100.0,1,10327,10149,0.008693104121898809,2259,2251
478.75312742599505,100.0,1,10376,10132,0.011897795982055783,2280,2207
479.2648362855104,100.0,1,10372,10148,0.01091617933723197,2275,2223
479.8597032922716,100.0,1,10408,10186,0.010779838787996503,2289,2261
480.9574206547348,100.0,1,10409,10290,0.0057490700033818055,2290,2302
482.0637473412456,100.0,1,10419,10379,0.0019232618521011636,2327,2305
482.48616634382694,100.0,1,10418,10393,0.0012012877805006967,2317,2317
483.890559942806,100.0,1,10445,10443,9.574875526618154e-05,2344,2316
484.68651766309563,100.0,1,10462,10417,0.0021552756358063124,2357,2280
485.84957284148413,100.0,1,10462,10364,0.004705656391049649,2316,2233
486.77960409810817,100.0,1,10499,10412,0.004160489694419205,2333,2200
487.72931309454185,100.0,1,10488,10414,0.0035403310687972442,2279,2202
488.47165192282915,100.0,1,10460,10401,0.0028282440918460283,2251,2174
489.0133107908922,100.0,1,10480,10418,0.002966791080486171,2251,2200
489.56615022442264,100.0,1,10476,10403,0.003496336031419129,2285,2201
490.26616037279894,100.0,1,10471,10438,0.0015782677315988331,2281,2191
491.2912948561112,100.0,1,10503,10476,0.001287001287001287,2282,2183
492.7619427704475,100.0,1,10501,10478,0.001096334429667763,2279,2184
493.7468735488655,100.0,1,10562,10401,0.007680198444879073,2349,2107
494.3033016713833,100.0,1,10555,10433,0.005812845435486945,2345,2111
495.1278950543604,100.0,1,10608,10449,0.007550933181364867,2399,2121
495.90416425269814,100.0,1,10593,10473,0.005696382796923953,2386,2142
496.50291025870735,100.0,1,10605,10494,0.005260912839471065,2389,2135
497.0226327593057,100.0,1,10569,10468,0.004801064790607026,2357,2121
497.97881651491485,100.0,1,10601,10437,0.00779541781538169,2389,2088
498.9449040789608,100.0,1,10588,10465,0.005842397758039235,2376,2077
499.65580007590745,100.0,1,10596,10573,0.0010864944021918843,2379,2084
500.52775481929683,100.0,1,10644,10582,0.0029209460096108544,2403,2087
501.363795218867,100.0,1,10666,10562,0.004899189749387601,2424,2067
502.1261115640381,100.0,1,10729,10548,0.008506838370070968,2476,2022
503.07649724417615,100.0,1,10727,10522,0.0096475128241329,2474,2002
504.8764312439087,100.0,1,10721,10580,0.006619407539552134,2468,2031
505.52731255948436,100.0,1,10836,10591,0.011434171839268212,2537,2026
506.2716912931443,100.0,1,10873,10619,0.011818351014330914,2551,2011
506.915741292835,100.0,1,10870,10658,0.009847640282422892,2552,2050
507.5434574153995,100.0,1,10888,10688,0.009269558769002595,2560,2064
508.50215673966153,100.0,1,10956,10723,0.010747728216246137,2627,2071
509.56372601990745,100.0,1,10972,10739,0.010731887061858044,2643,2033
510.6437327929413,100.0,1,10943,10803,0.006437965602869493,2605,2093
511.4043703269968,100.0,1,10964,10871,0.004259216853675292,2605,2104
512.2015499659619,100.0,1,10979,10908,0.003243934755791109,2588,2135
512.9769562037354,100.0,1,11073,10902,0.007781569965870307,2574,2129
514.1419226267753,100.0,1,11115,10981,0.006064446053584359,2574,2208
514.8696083825589,100.0,1,11092,10987,0.0047556501653154585,2551,2214
515.5532142640295,100.0,1,11059,11022,0.0016756487477922195,2549,2260
516.7804874543789,100.0,1,11054,10960,0.00427000999364041,2492,2190
517.2897654582979,100.0,1,10992,11036,-0.0019974577810059923,2430,2189
517.7286976343229,100.0,1,11041,11082,-0.001853274872304841,2501,2191
518.5440255374706,100.0,1,11012,11092,-0.003619254433586681,2465,2152
519.2676360283225,100.0,1,11016,11137,-0.005462014174152485,2457,2197
519.8743161297307,100.0,1,11021,11164,-0.006445796709488393,2463,2210
520.5822102318149,100.0,1,11022,11163,-0.006355645706558485,2459,2205
521.1565514032116,100.0,1,11065,11151,-0.003871083903492978,2476,2177
521.66377906934,100.0,1,11083,11172,-0.003999101325544822,2509,2193
522.5709274512192,100.0,1,11032,11230,-0.008894079597520439,2508,2246
523.2767290485993,100.0,1,10981,11248,-0.012011336542354582,2448,2264
524.14816953545,100.0,1,10966,11265,-0.013449687373487472,2433,2280
524.6459708518311,100.0,1,10982,11289,-0.013784742490233936,2440,2282
525.1369825106009,100.0,1,11000,11283,-0.012700264775838082,2472,2269
525.6177737073673,100.0,1,11004,11248,-0.010965306489304332,2466,2256
526.1053272379125,100.0,1,11024,11309,-0.012761384498276093,2485,2288
526.7152802791776,100.0,1,11057,11360,-0.013516527635276799,2486,2336
527.5137254387101,100.0,1,11027,11437,-0.0182514245014245,2455,2412
528.2798659419303,100.0,1,11013,11432,-0.018667854756070395,2451,2404
529.1729788929969,100.0,1,10997,11450,-0.020180870494943645,2445,2402
529.9231656646564,100.0,1,11033,11563,-0.023455478845813418,2458,2447
530.4424274457659,100.0,1,11004,11583,-0.02563421437109842,2419,2467
530.9814168180425,100.0,1,11028,11647,-0.027298787210584343,2437,2471
531.5799966928806,100.0,1,11033,11665,-0.02784386289540929,2439,2459
532.5247344121219,100.0,1,11018,11700,-0.030020248261290607,2419,2492
533.445416293831,100.0,1,11085,11767,-0.02984421494836338,2471,2550
534.6087695953246,100.0,1,11144,11826,-0.029690901175446233,2530,2587
535.1514583781859,100.0,1,11198,11762,-0.02456445993031359,2532,2523
536.209873024263,100.0,1,11306,11778,-0.02044706290071045,2537,2536
536.9851995148466,100.0,1,11298,11748,-0.019526165061181985,2525,2488
537.8504661857639,100.0,1,11342,11776,-0.01877325028116619,2535,2516
538.9716418960514,100.0,1,11344,11849,-0.021773811063683007,2550,2587
539.9039023899763,100.0,1,11354,11867,-0.022092071831531803,2557,2614
540.7742409037555,100.0,1,11407,11877,-0.02018553513142072,2628,2623
541.4996120257712,100.0,1,11456,11897,-0.018884083415407014,2671,2625
542.2073836507478,100.0,1,11449,11878,-0.01839070604878467,2681,2640
543.1110856299566,100.0,1,11519,11974,-0.019367471161622612,2707,2692
543.8097780890888,100.0,1,11545,12066,-0.0220659861928762,2723,2769
544.5430737031124,100.0,1,11548,12012,-0.01969439728353141,2726,2716
545.6998641238208,100.0,1,11622,12050,-0.018080432578573842,2746,2738
546.6822745817427,100.0,1,11642,12062,-0.01771852851839352,2763,2722
547.7742429886921,100.0,1,11640,12101,-0.019417884672086265,2761,2758
548.5391373479198,100.0,1,11711,12109,-0.01670864819479429,2770,2766
549.5009307995493,100.0,1,11725,12079,-0.014871450176440934,2721,2740
550.8402135458244,100.0,1,11853,12063,-0.008780732563973909,2721,2745
551.6728405695571,100.0,1,11882,12105,-0.00929670238045608,2742,2775
552.2846015997272,100.0,1,11881,12103,-0.009256170780520347,2731,2773
553.3996971107256,100.0,1,11894,12140,-0.010235499708745942,2736,2805
553.847602183154,100.0,1,11924,12174,-0.010374304921570255,2740,2800
554.3432462561325,100.0,1,11931,12120,-0.00785830111014095,2711,2802
554.9156848497296,100.0,1,11895,12100,-0.008543446551364868,2673,2776
555.5580802519142,100.0,1,11968,12076,-0.004491765097321577,2727,2799
556.4567553777489,100.0,1,11970,12167,-0.00816174338153043,2729,2804
557.3476748242238,100.0,1,11949,12183,-0.009696668324216808,2708,2817
557.8952655905589,100.0,1,12072,12166,-0.0038782077729185576,2816,2800
558.8841923307745,100.0,1,12077,12288,-0.008659963061768932,2832,2831
559.4427540086504,100.0,1,12102,12271,-0.006933902268904116,2827,2812
560.0262621166607,100.0,1,12126,12291,-0.006757586927140926,2827,2822
560.8137038103832,100.0,1,12149,12320,-0.006988434345498386,2810,2848
561.5381753411697,100.0,1,12178,12398,-0.008951822916666666,2839,2870
562.2441504998136,100.0,1,12157,12400,-0.009895345522661563,2821,2871
563.1161669453577,100.0,1,12204,12347,-0.005824609995519531,2852,2862
563.652531820242,100.0,1,12217,12411,-0.007877212928374209,2858,2904
564.8528293693331,100.0,1,12224,12432,-0.008436080467229072,2842,2905
565.5888180788576,100.0,1,12217,12445,-0.009244992295839754,2826,2939
566.2345743080116,100.0,1,12199,12512,-0.012666423859819514,2803,2979
567.2600092579133,100.0,1,12212,12525,-0.01265311072482516,2798,2966
568.3184229071599,100.0,1,12257,12605,-0.013997264902260477,2851,3024
568.8782402880527,100.0,1,12278,12686,-0.01634353468995353,2844,3091
569.3367300809052,100.0,1,12341,12697,-0.014218388050163752,2907,3093
570.4220351705264,100.0,1,12405,12702,-0.011829370295136815,2911,3099
571.0003801635011,100.0,1,12383,12713,-0.01314950589735416,2877,3109
571.3479317866755,100.0,1,12421,12725,-0.012089397916169569,2912,3110
572.0566751672135,100.0,1,12438,12720,-0.01120915812067732,2905,3136
572.5412306185953,100.0,1,12449,12747,-0.011827274170503254,2915,3163
573.1012169742247,100.0,1,12449,12750,-0.011944918449144807,2898,3153
573.8264006404171,100.0,1,12433,12773,-0.013488851860668095,2856,3152
574.3912812308193,100.0,1,12446,12747,-0.011947763267574326,2856,3123
575.4865417117184,100.0,1,12441,12734,-0.011638530287984112,2850,3095
576.364528742896,100.0,1,12457,12773,-0.012524772096710265,2886,3133
577.3691532557585,100.0,1,12469,12826,-0.014113461158331685,2886,3149
578.2561887754539,100.0,1,12483,12872,-0.015342141589430093,2887,3178
579.0240750195225,100.0,1,12535,12900,-0.014350304698250443,2903,3206
579.9182403282385,100.0,1,12615,12922,-0.012021772330344207,2920,3215
580.2887091223971,100.0,1,12628,12910,-0.011042368235570522,2924,3205
581.6818617539901,100.0,1,12662,12939,-0.010819889848052811,2957,3219
582.3734340707855,100.0,1,12663,13036,-0.014514183431261917,2962,3329
583.2904829569446,100.0,1,12699,13116,-0.016153399186519465,2988,3383
584.2527238590257,100.0,1,12744,13123,-0.01465187304287316,3025,3383
584.7750013752959,100.0,1,12811,13114,-0.011687560270009643,3065,3363
585.6891245766825,100.0,1,12800,13118,-0.012269465236515164,3049,3335
586.2293120498407,100.0,1,12843,13176,-0.012798339674852992,3074,3342
586.8950397895939,100.0,1,12873,13185,-0.011973290352291043,3100,3342
587.8235740526981,100.0,1,12875,13170,-0.011326550201574198,3107,3346
588.4420390091204,100.0,1,12937,13230,-0.011197309588412887,3119,3368
588.9274094333605,100.0,1,12957,13240,-0.010802763675229988,3139,3356
589.6167977581515,100.0,1,12900,13247,-0.013271120969900945,3076,3363
590.6484330012597,100.0,1,12909,13235,-0.012469400244798041,3070,3363
591.4626504653631,100.0,1,12901,13389,-0.018562190947128184,3059,3391
592.4068783087862,100.0,1,12955,13464,-0.019266437033952838,3065,3436
592.976729127638,100.0,1,12941,13494,-0.020919235861547193,3051,3432
594.413239342888,100.0,1,12918,13521,-0.022807216611823444,3018,3413
594.9846173289714,100.0,1,12974,13561,-0.022121726022234785,3036,3431
595.9420439206474,100.0,1,12988,13599,-0.022981156204159928,3025,3434
597.256244072251,100.0,1,13032,13608,-0.021621621621621623,3025,3419
598.2583167366113,100.0,1,13042,13528,-0.018291305984192697,3024,3339
599.382430146374,100.0,1,12986,13516,-0.01999849067994868,2944,3327
600.0181233006871,100.0,1,13022,13498,-0.017948717948717947,2955,3309
