timestamp,event_type,side,level,volume,order_id
0.048173827831772,limit,ask,1,8,
0.11880243545122987,limit,ask,2,18,
0.12664306053797425,limit,bid,3,14,
0.1300522937712137,cancel,ask,2,11,
0.14375773389228225,limit,ask,1,2,
0.16589556955514714,limit,bid,1,22,
0.22411011803139022,market,bid,1,13,
0.27250413499515264,limit,ask,5,22,
0.370617999450584,limit,bid,1,1,
0.4865034907797219,limit,ask,1,38,
0.6356078034771633,limit,bid,3,7,
0.9481006227753974,limit,bid,2,18,
0.9732377124396261,limit,bid,4,17,
0.9832373975624307,limit,bid,1,19,
0.998733111667135,limit,bid,1,15,
1.0098063166303406,market,bid,1,6,
1.0286538446351923,limit,ask,3,4,
1.1990709950309122,limit,bid,3,12,
1.2073794888587657,cancel,bid,1,17,
1.2388720880132622,limit,bid,1,10,
1.2607911385888595,limit,bid,1,38,
1.312328009101204,limit,ask,1,2,
1.4987937975415486,market,bid,1,2,
1.6036318513281809,cancel,bid,4,25,
1.6762177140207604,limit,bid,1,39,
1.6973745884345461,market,bid,1,20,
1.7674576962198367,limit,bid,2,1,
1.7874765875261167,limit,ask,2,3,
1.9801497504182972,limit,bid,1,7,
1.9849606820104106,limit,bid,2,1,
2.0196413535369393,cancel,ask,2,14,
2.0870868269730853,limit,bid,1,28,
2.1792108337106506,cancel,bid,2,7,
2.2794273301463526,limit,ask,1,9,
2.3817865052799925,cancel,ask,2,18,
2.569691205457878,limit,ask,3,24,
2.6111360549421287,market,ask,1,10,
2.68660454736848,limit,ask,2,1,
2.7651184122313204,cancel,ask,2,5,
2.8672024311700133,limit,bid,3,1,
2.9737937701536428,limit,ask,1,3,
3.065966897325031,limit,ask,4,3,
3.06684227571618,limit,ask,1,2,
3.248735951772648,market,bid,1,26,
3.2789978520233753,market,bid,1,6,
3.404098470429671,cancel,ask,1,10,
3.4330374813245115,limit,ask,3,22,
3.5281404069876983,cancel,bid,1,7,
3.552820605005637,limit,bid,2,8,
3.581823662236435,cancel,ask,1,1,
3.5842719075133536,cancel,bid,2,10,
3.6126266451591356,market,bid,1,1,
3.659146564099717,limit,ask,1,1,
3.6628345511794933,limit,bid,2,12,
3.788820393694881,cancel,ask,1,7,
3.8038457829391428,limit,bid,2,2,
3.8281029306026046,limit,ask,1,11,
3.936145710543926,limit,ask,3,1,
4.142670781529069,market,bid,1,7,
4.217727762167181,cancel,bid,2,25,
4.340195024988672,cancel,bid,2,2,
4.438614265352448,market,ask,1,15,
4.457129618592049,cancel,ask,5,9,
4.577531532830929,limit,ask,3,5,
4.584191493698761,limit,ask,2,8,
4.586418635073021,market,bid,1,19,
4.601000852815302,limit,ask,1,1,
4.65684714449104,market,ask,1,14,
4.881559964556771,limit,ask,1,3,
4.93929038419027,limit,ask,2,8,
5.082864678956848,limit,bid,1,22,
5.260466422818149,limit,ask,4,8,
5.326111982944285,limit,ask,1,11,
5.328290668243267,cancel,ask,1,19,
5.391972674877332,limit,ask,1,9,
5.433184098709745,cancel,ask,1,7,
5.443639745998309,limit,ask,3,7,
5.473084998091322,limit,ask,4,1,
5.589713170026523,limit,bid,1,13,
5.619625416324113,limit,ask,1,15,
5.629751118986298,limit,bid,1,9,
5.674029047216291,limit,bid,1,2,
5.691643923857791,limit,ask,1,22,
5.765041298092333,cancel,bid,2,19,
5.94663167905166,limit,bid,4,2,
6.445958379305464,cancel,bid,1,15,
6.469451282287339,limit,ask,1,18,
6.480037358428682,limit,ask,1,2,
6.570238225444981,cancel,ask,1,8,
6.6816210666916085,limit,ask,1,1,
6.690431167995886,limit,ask,1,10,
6.702905183451271,limit,bid,3,55,
6.906074294338957,limit,bid,4,7,
7.018279884109475,limit,bid,1,6,
7.089416826813311,limit,ask,3,2,
7.136296773096838,market,bid,1,2,
7.150267976611282,limit,bid,3,19,
7.244320201456102,cancel,ask,1,10,
7.298286975879383,cancel,ask,1,29,
7.402351274048793,market,ask,1,6,
7.575620592726551,cancel,ask,2,17,
7.615175201710136,market,bid,1,5,
7.663189946940119,limit,bid,2,11,
7.683186126555168,cancel,ask,1,12,
7.7467847883029854,limit,bid,5,12,
7.837708426172433,market,ask,1,1,
7.909635793746969,market,bid,1,6,
7.913526098582337,limit,bid,1,3,
8.090798135230111,limit,ask,4,10,
8.491451723015343,market,ask,1,1,
8.560015422953752,market,bid,1,31,
8.5730219140995,limit,bid,1,11,
8.57751469368421,cancel,bid,1,10,
8.611468819091062,limit,ask,2,4,
8.705670500188614,limit,bid,1,1,
8.718390956783841,market,bid,1,27,
8.823933447459693,limit,ask,4,1,
9.00448373162953,limit,ask,5,3,
9.0612276643753,cancel,ask,1,46,
9.189451613646611,limit,bid,2,7,
9.206637412340694,limit,ask,1,7,
9.289994880265063,limit,bid,2,6,
9.403660279681679,limit,ask,4,15,
9.424319365753083,limit,ask,2,11,
9.458181255492997,limit,ask,2,10,
9.534689687816888,market,bid,1,3,
9.831890310747163,cancel,ask,1,1,
9.855975699534277,limit,ask,1,9,
9.861725959866071,limit,ask,2,11,
9.897525281940936,limit,bid,1,16,
10.036824349277554,limit,bid,3,11,
10.148426404318588,limit,bid,1,19,
10.18338298641855,market,ask,1,4,
10.24382846702831,market,ask,1,6,
10.278891193595324,limit,ask,1,1,
10.34210148997775,limit,ask,1,17,
10.348150556601174,limit,ask,1,4,
10.446943490565149,market,bid,1,1,
10.480824723541922,market,bid,1,1,
10.575313510885215,limit,ask,4,29,
10.619718845499365,market,bid,1,4,
10.658990878364152,cancel,ask,1,5,
10.6939744301796,limit,bid,1,2,
10.757736438100928,market,ask,1,21,
10.821591778303684,limit,ask,3,3,
10.823328278413696,limit,ask,2,40,
10.90550860506998,market,bid,1,9,
11.026291542046568,limit,bid,2,27,
11.033143289717517,limit,bid,2,12,
11.054894497738951,limit,ask,1,17,
11.093787206944524,limit,ask,2,8,
11.153675821900492,market,ask,1,29,
11.194997693603106,market,ask,1,23,
11.323770744306733,cancel,ask,4,12,
11.381885766313802,market,ask,1,6,
11.424665393046583,limit,ask,5,5,
11.439073935600694,limit,bid,1,41,
11.443824543641501,limit,bid,2,17,
11.459164823347388,limit,bid,2,28,
11.462023316055832,limit,bid,1,3,
11.559416855784416,limit,bid,1,3,
11.5740088319858,market,bid,1,9,
11.704647770851535,limit,bid,3,29,
11.736667827663105,limit,ask,1,2,
11.740569070610507,cancel,ask,1,8,
11.795961361821236,limit,ask,2,3,
11.79679722244872,limit,bid,3,14,
11.867817503583804,limit,bid,1,3,
12.02283145443872,limit,ask,5,3,
12.081147449835186,limit,ask,1,20,
12.2245548943,market,bid,1,3,
12.321060238603021,limit,ask,1,37,
12.389262143768883,cancel,bid,2,6,
12.581395848226153,limit,ask,1,9,
12.639156182512966,limit,ask,1,4,
12.645284939655925,limit,bid,2,5,
12.735258322889324,limit,bid,1,40,
12.871394147086331,market,bid,1,5,
12.96647674549285,limit,ask,1,1,
13.333893553258568,market,bid,1,11,
13.360184768656937,limit,ask,1,4,
13.398378693800824,market,bid,1,2,
13.49918246432321,limit,ask,2,15,
13.530180853515617,market,bid,1,1,
13.537806829967804,market,ask,1,2,
13.577401124732944,cancel,ask,1,3,
13.590540306053297,limit,bid,1,30,
13.633141650198112,limit,ask,2,20,
13.670608376809945,limit,bid,1,6,
13.762984325208587,cancel,ask,2,11,
13.76441739887476,limit,bid,2,1,
13.800720915048869,limit,ask,3,11,
13.813949233204077,market,ask,1,9,
13.847359773899008,limit,bid,2,51,
13.902677884759948,market,ask,1,2,
14.123672725953414,limit,bid,1,3,
14.189150568263981,market,bid,1,31,
14.223080823691838,limit,bid,5,1,
14.400517554030674,limit,ask,2,3,
14.5823513261252,cancel,ask,2,1,
14.714197223248155,limit,ask,1,10,
14.849014370651265,limit,ask,1,1,
14.864084936193068,cancel,ask,2,4,
14.94845527046308,market,bid,1,10,
15.071718819317622,limit,bid,1,1,
15.108674291380801,limit,bid,1,3,
15.17216328472972,limit,ask,1,13,
15.184022488388747,cancel,ask,1,6,
15.258078072256687,market,ask,1,16,
15.308585753211794,cancel,ask,3,6,
15.351744633575974,limit,ask,1,8,
15.39474596021576,cancel,bid,1,15,
15.57019484238829,market,ask,1,16,
15.597946440878099,limit,bid,1,7,
15.651209618528288,limit,bid,2,8,
15.6720262019622,limit,bid,1,1,
15.856496661053502,cancel,ask,3,6,
15.980923703177568,limit,ask,2,28,
15.988862745999738,market,bid,1,9,
16.219131303749837,limit,bid,1,4,
16.224067464405138,cancel,ask,1,5,
16.29120632271754,limit,bid,3,4,
16.343772810398395,cancel,ask,1,2,
16.37042996294822,cancel,ask,1,21,
16.403572330866314,limit,bid,3,64,
16.420514482093125,market,bid,1,25,
16.424344893237496,limit,ask,1,27,
16.577348198529272,market,bid,1,14,
16.785340801730822,limit,bid,1,4,
16.87812397028462,limit,bid,1,13,
16.99488470922463,limit,ask,3,10,
17.014353838814724,limit,ask,2,3,
17.09087292109336,limit,ask,1,9,
17.14767065183634,limit,ask,1,3,
17.269762025264203,limit,bid,2,3,
17.294329228776988,limit,bid,3,52,
17.29687750976566,limit,ask,1,31,
17.348853571227394,limit,ask,2,5,
17.429470694025895,market,bid,1,8,
17.569416743378248,market,bid,1,36,
17.583634232762684,market,bid,1,11,
17.603555088375447,limit,ask,2,18,
17.62360873522837,limit,bid,2,8,
17.62628655012649,limit,ask,2,24,
17.64113522798452,limit,bid,1,6,
17.68469808428805,limit,ask,1,28,
17.747942054984808,limit,ask,1,1,
17.77594839132004,limit,bid,2,8,
17.79904192480679,limit,bid,3,2,
17.821126352191683,limit,ask,3,18,
17.825879792975776,limit,bid,1,42,
17.82910400456688,limit,ask,5,1,
17.874637089809042,market,bid,1,3,
18.04002428744619,limit,bid,1,6,
18.045979721597956,limit,ask,2,15,
18.065584948173537,limit,ask,1,7,
18.268127250351277,limit,bid,5,11,
18.271165559216787,limit,ask,1,5,
18.3602905747102,cancel,ask,3,7,
18.397735943224685,cancel,bid,2,2,
18.429764864101266,limit,ask,1,2,
18.44788514109443,limit,bid,1,60,
18.532610286171167,cancel,bid,1,1,
18.62022527894603,limit,bid,1,2,
18.64289700697983,limit,ask,2,3,
18.676297281016385,limit,ask,1,17,
18.77242404968899,cancel,bid,1,5,
18.778921575560243,cancel,bid,2,8,
18.783151395987133,limit,bid,1,1,
18.85091709168979,limit,bid,1,9,
18.86185385481525,market,bid,1,15,
18.943708464042587,limit,bid,1,14,
18.98241899224087,limit,ask,1,4,
19.013952803119647,limit,bid,1,11,
19.076080521816344,market,ask,1,4,
19.15876178291648,cancel,bid,2,13,
19.39031362610136,cancel,bid,2,1,
19.431947874592616,limit,bid,1,4,
19.48320312961249,limit,bid,1,7,
19.496791336690762,market,bid,1,1,
19.52795046236272,limit,bid,2,14,
19.587863787812385,market,bid,1,5,
19.62152382244911,limit,bid,1,8,
19.686968681740755,limit,bid,1,1,
19.718611707174322,cancel,ask,1,13,
19.733851105670066,limit,ask,4,5,
19.79747522544021,cancel,ask,2,11,
19.836623099272945,limit,bid,3,25,
19.872107769518244,cancel,bid,1,8,
19.899353634157663,limit,ask,1,2,
19.91851249997723,market,bid,1,1,
19.976466723372443,limit,bid,1,12,
20.03504602150062,limit,ask,3,41,
20.065188196932088,limit,ask,1,15,
20.153728859615292,market,ask,1,20,
20.166697887831138,limit,ask,2,5,
20.191838288443954,market,bid,1,3,
20.213253004860487,limit,bid,1,1,
20.21813089691045,limit,bid,2,1,
20.262982091116573,market,bid,1,2,
20.41315779088,cancel,bid,1,8,
20.53207862305177,limit,ask,1,15,
20.5617251961061,limit,ask,3,21,
20.62472894335286,limit,ask,2,21,
20.746619477188165,limit,bid,2,3,
20.762014592966178,limit,ask,4,42,
20.772918825002254,market,bid,1,11,
20.811230057845734,cancel,ask,1,14,
20.820760208606476,limit,bid,2,60,
20.830374573086484,limit,bid,2,7,
20.865462286453536,limit,ask,3,4,
20.90279336934767,limit,ask,5,5,
20.991813312808695,limit,ask,1,2,
21.000332269634914,cancel,bid,1,1,
21.029738576283403,limit,ask,1,11,
21.05386179798264,limit,ask,1,3,
21.057825391580607,limit,ask,1,1,
21.07301464520942,limit,ask,1,24,
21.123119191412442,limit,ask,1,1,
21.183645311826773,market,ask,1,3,
21.39524399105931,cancel,ask,1,21,
21.492645770404103,limit,bid,1,1,
21.498499713641575,limit,ask,1,8,
21.49929501095532,limit,ask,1,8,
21.624957066220677,market,ask,1,6,
21.747951298164754,market,ask,1,51,
21.75604453780368,cancel,bid,2,3,
21.939149589192755,limit,ask,1,5,
21.974288217789216,market,ask,1,5,
22.051798910821134,limit,bid,3,4,
22.059337616190746,limit,ask,1,16,
22.119734797394436,market,bid,1,1,
22.13152279451192,limit,bid,1,8,
22.170951593087285,limit,ask,4,2,
22.333189402943756,limit,ask,1,52,
22.376483691729455,cancel,bid,1,14,
22.39158384916208,limit,ask,4,4,
22.407223690916222,limit,ask,1,12,
22.443948133132242,market,bid,1,11,
22.612671496346863,cancel,ask,1,10,
22.6220114582213,cancel,ask,1,13,
22.663823796621195,limit,bid,2,10,
22.71944660901272,limit,ask,1,10,
22.78890599518537,cancel,bid,1,59,
22.89271760311032,limit,ask,5,6,
23.04950363979808,limit,ask,1,3,
23.191845571658327,market,ask,1,21,
23.316205689384553,limit,ask,1,24,
23.413346807737103,limit,ask,1,9,
23.570307583878687,limit,bid,2,1,
23.633634976607233,market,bid,1,3,
23.759445352305185,cancel,ask,2,28,
23.883477076417016,limit,bid,1,1,
23.916503012363535,cancel,ask,1,2,
23.954788935334797,cancel,ask,3,1,
24.297982502133486,limit,ask,3,15,
24.315096806605403,market,bid,1,1,
24.347442374232433,limit,ask,1,11,
24.44013974303569,limit,bid,2,7,
24.450925205399983,limit,ask,2,5,
24.46797476991654,cancel,ask,2,5,
24.496957012782644,limit,bid,2,6,
24.630711609437483,limit,bid,1,34,
24.66371596659067,market,bid,1,10,
24.689703259857776,cancel,bid,3,13,
24.736814024838463,cancel,bid,2,11,
24.783067003784574,limit,bid,1,6,
25.023127915014815,limit,ask,2,3,
25.06433645325732,limit,ask,1,6,
25.09684433566378,market,ask,1,10,
25.1583381354207,limit,ask,1,5,
25.19491033030765,market,ask,1,5,
25.372899024882713,cancel,bid,2,7,
25.407954298660584,limit,bid,2,11,
25.682387802564012,cancel,ask,1,21,
25.76395992207934,market,ask,1,1,
25.812170782317512,limit,ask,1,54,
25.83058438942733,limit,bid,1,16,
25.83740546383143,limit,ask,2,16,
25.860310214106278,market,ask,1,17,
25.870323955065324,limit,bid,3,34,
26.047197211892225,limit,bid,1,9,
26.056408122820237,market,bid,1,8,
26.066790608229713,limit,bid,1,8,
26.09392426470204,market,bid,1,6,
26.09827219312843,limit,bid,2,7,
26.246274883411512,limit,ask,1,42,
26.304548198279836,limit,ask,3,39,
26.346533621034332,limit,bid,3,15,
26.444501683309454,limit,ask,1,1,
26.472614008463545,cancel,ask,3,1,
26.514891027275908,limit,bid,1,30,
26.546098624927154,limit,ask,3,35,
26.61209941623013,limit,ask,1,4,
26.717905683781417,limit,bid,1,7,
26.752810414903966,limit,bid,1,21,
26.7578083983541,limit,ask,1,3,
26.76600463353537,limit,bid,1,3,
26.874567948492892,limit,bid,1,40,
26.875122467652314,limit,ask,1,10,
26.911103965993853,limit,ask,2,4,
26.964948259712735,limit,ask,1,1,
26.987657541930627,limit,ask,1,23,
27.02803694099736,limit,ask,1,49,
27.168654691777743,limit,bid,3,18,
27.249647494684663,limit,ask,1,11,
27.31301476842562,cancel,ask,1,32,
27.42281300746077,limit,bid,2,6,
27.51220075284189,cancel,ask,1,18,
27.557699650352173,market,bid,1,7,
27.60264977546747,limit,bid,2,1,
27.61228749164221,cancel,ask,2,1,
27.622148283729356,limit,ask,2,30,
27.640780254366444,limit,ask,3,1,
27.803347833295167,limit,bid,1,5,
27.89144808631721,cancel,bid,2,5,
28.009905213691855,limit,ask,1,10,
28.027668222069376,limit,bid,1,10,
28.085336329133987,limit,ask,3,5,
28.154263500993416,limit,ask,1,14,
28.175216966648556,limit,ask,2,3,
28.18044315557846,market,bid,1,15,
28.22502911828465,limit,ask,5,28,
28.273044514406813,limit,bid,2,1,
28.301931835428977,cancel,bid,2,10,
28.365279374914845,limit,bid,4,17,
28.49448155075598,limit,ask,1,2,
28.55486715661033,limit,bid,2,10,
28.735778229198207,cancel,ask,1,36,
28.835213540378504,limit,ask,2,3,
28.85770058100805,limit,ask,1,4,
28.88058338191541,limit,bid,1,4,
28.90609578463548,limit,ask,1,23,
29.05789688699073,limit,ask,2,9,
29.142866790123783,cancel,ask,1,1,
29.360179490029765,limit,ask,1,7,
29.396661759463612,market,ask,1,8,
29.462525142845564,limit,bid,4,1,
29.685131389308793,market,bid,1,27,
29.693591358397498,limit,bid,5,4,
29.855233166036076,limit,ask,1,1,
29.921742692854103,cancel,ask,3,18,
29.9795015683296,limit,ask,1,8,
30.01383436744062,limit,bid,2,6,
30.066032931741518,limit,bid,2,43,
30.13040016945062,limit,bid,1,14,
30.348336066020337,cancel,ask,4,23,
30.56081103702937,limit,ask,2,13,
30.63468869223072,limit,ask,1,8,
30.884591879874016,limit,bid,3,37,
30.88648327475873,limit,ask,2,8,
30.953926873148934,market,ask,1,1,
30.95939364445557,market,ask,1,21,
31.000186711637106,limit,bid,1,17,
31.023841510089202,limit,ask,1,13,
31.07110568966887,limit,ask,1,1,
31.09387323933433,limit,ask,1,3,
31.17666086254858,limit,ask,1,25,
31.1926050502429,limit,bid,1,15,
31.280111511403437,market,ask,1,1,
31.392637038175366,limit,bid,1,55,
31.42859074761789,limit,ask,5,5,
31.439904233390422,market,ask,1,4,
31.561320829729496,limit,bid,2,16,
31.6114325700568,market,bid,1,8,
31.648530673890455,limit,ask,1,2,
31.811694952040263,cancel,ask,1,32,
31.82350005427083,market,ask,1,2,
31.834764063374358,market,ask,1,15,
32.065358713943866,limit,bid,1,3,
32.281487564861195,limit,bid,1,1,
32.30983903499413,limit,bid,1,9,
32.37462764238871,market,ask,1,35,
32.38121673681208,limit,bid,1,17,
32.58084698458537,limit,bid,1,10,
32.60781023996591,market,ask,1,7,
32.679304239634206,cancel,bid,1,34,
32.9752778506751,limit,ask,1,1,
32.98907693009581,limit,ask,1,1,
33.00834380181478,market,bid,1,12,
33.056855738079086,limit,bid,1,1,
33.080260788196654,limit,bid,1,11,
33.10979843226377,limit,ask,2,6,
33.16999961486833,limit,bid,3,3,
33.38279477377785,cancel,ask,1,8,
33.7055616103075,limit,bid,2,3,
33.773358750691486,limit,ask,1,1,
33.86332364790888,limit,ask,1,30,
33.91939745887806,limit,bid,1,3,
33.98569041478214,limit,bid,1,8,
34.0366916285974,market,ask,1,3,
34.08206911125697,limit,ask,1,21,
34.20649055282083,limit,ask,1,6,
34.26955871798681,cancel,bid,1,4,
34.41285151230703,limit,bid,1,2,
34.5527594099768,market,ask,1,29,
34.643008733875234,market,ask,1,19,
34.76945435408099,limit,ask,1,3,
34.96672510136018,limit,ask,1,18,
35.0406959198465,cancel,ask,2,1,
35.12699750038809,limit,ask,3,4,
35.143139842052264,market,ask,1,50,
35.22007848978614,limit,ask,1,24,
35.33588862873437,market,ask,1,10,
35.563375319020814,market,bid,1,5,
35.597888143858555,limit,bid,3,3,
35.68178517956416,market,ask,1,8,
35.71186175514325,limit,bid,2,13,
35.937340398307235,limit,ask,3,4,
36.177674593713924,limit,ask,2,4,
36.203602208527144,limit,bid,1,23,
36.26414457711614,limit,ask,1,2,
36.33280950996854,limit,bid,1,1,
36.36747836033662,limit,ask,2,6,
36.40874531095881,limit,bid,4,1,
36.453579202901714,market,ask,1,9,
36.53464534898789,cancel,ask,1,9,
37.002985593254685,limit,bid,2,1,
37.01585540808287,limit,bid,2,15,
37.04619398322064,market,ask,1,14,
37.094380300819644,limit,bid,1,37,
37.26696442584706,limit,bid,1,14,
37.31218742083729,limit,bid,2,16,
37.35265491955676,market,ask,1,11,
37.356386995704575,market,bid,1,1,
37.40678512062629,limit,bid,1,7,
37.415543292469515,cancel,ask,1,10,
37.44526453042869,cancel,bid,1,2,
37.602633824406645,limit,bid,1,26,
37.62590416836353,market,ask,1,7,
37.661533806319355,limit,bid,1,11,
37.70292229919989,limit,ask,1,7,
37.86847455631917,limit,bid,3,44,
37.98843815352077,limit,ask,2,4,
38.08874240774311,cancel,ask,2,6,
38.171244318950706,limit,ask,1,46,
38.20396665241918,market,bid,1,6,
38.31769469732011,limit,ask,1,6,
38.71394096062456,limit,ask,1,10,
38.84886006305457,cancel,bid,2,14,
38.96139156893043,market,ask,1,3,
39.05726195711506,limit,ask,5,1,
39.17634454653194,limit,ask,4,3,
39.2420944607505,limit,ask,1,11,
39.418139205659415,market,bid,1,19,
39.46087552850983,limit,ask,1,9,
39.83219192133202,limit,ask,1,17,
39.83835429293077,limit,ask,2,21,
39.876072684462834,limit,bid,1,1,
39.91307323158456,market,bid,1,4,
40.075477856167616,cancel,bid,1,1,
40.0825405907486,market,ask,1,3,
40.13549323833386,market,bid,1,20,
40.28991081107187,limit,ask,2,4,
40.455764766388526,limit,bid,1,6,
40.587360084237254,limit,ask,5,3,
40.60718650256759,limit,bid,4,5,
40.65279477884225,limit,ask,3,13,
40.66760312238744,limit,ask,1,25,
40.83012109283119,limit,bid,1,15,
40.833926227258,market,bid,1,22,
40.895571542984875,limit,bid,1,5,
41.22431175421745,limit,ask,1,1,
41.225973319701986,market,bid,1,3,
41.312423755527455,market,bid,1,7,
41.33922195208939,limit,bid,1,3,
41.366357753360894,limit,bid,1,10,
41.390905275256564,limit,ask,1,8,
41.42025706569881,cancel,ask,2,12,
41.512706093153646,limit,bid,1,8,
41.562249008643164,limit,ask,2,26,
41.58217409197636,limit,bid,1,19,
41.65814281081098,limit,bid,3,21,
41.748239501481656,market,ask,1,7,
41.787915677754086,limit,ask,5,29,
41.92970102328618,limit,bid,4,9,
41.98647971298474,limit,ask,1,55,
41.99268247322967,cancel,bid,1,5,
42.07328081462827,limit,ask,4,6,
42.18686604480886,limit,ask,1,7,
42.36927834089432,market,bid,1,7,
42.431274522445335,limit,ask,2,1,
42.45091744535498,market,bid,1,1,
42.56434711584256,limit,ask,2,1,
42.644416973068246,limit,ask,2,17,
42.64908284470013,limit,ask,1,2,
42.65148854174308,limit,bid,4,4,
42.67525668931519,market,bid,1,12,
42.75077360380142,cancel,bid,2,5,
42.88806161371242,limit,ask,1,8,
43.16144584290315,limit,bid,4,13,
43.166836986221426,limit,bid,1,22,
43.26198974083644,cancel,ask,2,5,
43.36166837408519,limit,bid,1,5,
43.42135760157062,limit,bid,5,5,
43.4529204084652,limit,ask,3,2,
43.50759205647558,limit,ask,2,3,
43.524173603232626,market,bid,1,24,
43.526850001759826,limit,bid,3,11,
43.63446956076902,market,ask,1,1,
43.77156018384279,limit,bid,1,1,
43.93618511114617,limit,bid,1,22,
44.00834887593729,cancel,bid,1,4,
44.024976379873245,limit,bid,2,2,
44.03946198820097,limit,bid,1,10,
44.0950341148005,limit,bid,1,11,
44.1118568371093,limit,bid,3,10,
44.150797262561966,limit,ask,1,5,
44.24714355598419,limit,ask,3,1,
44.27334405667421,limit,ask,2,14,
44.47609036978058,limit,bid,3,17,
44.48544589513319,cancel,ask,3,5,
44.55818809516801,cancel,ask,2,26,
45.095964711140105,cancel,ask,4,1,
45.13629214347245,limit,bid,2,1,
45.21357722142081,limit,bid,2,2,
45.25984533548281,cancel,ask,1,5,
45.35208161291006,limit,ask,1,9,
45.38442915913915,limit,bid,1,4,
45.40953076841341,cancel,ask,1,15,
45.430131938038095,limit,ask,3,32,
45.472813312754134,limit,bid,1,16,
45.52131429784396,market,bid,1,18,
45.786375746873425,limit,ask,1,1,
45.82799443890223,limit,ask,2,13,
46.0963474163391,limit,bid,1,7,
46.23195008419157,market,ask,1,23,
46.26829755978503,limit,ask,1,3,
46.27066036551038,limit,bid,1,1,
46.34289903956295,market,bid,1,1,
46.429770878310705,market,ask,1,9,
46.4979577268833,cancel,ask,5,4,
46.6142811690153,limit,bid,1,7,
46.63814903813753,limit,ask,1,1,
46.649162204092434,limit,ask,5,18,
46.67596286205624,limit,ask,3,6,
46.87425160566624,limit,bid,1,5,
47.49286176010395,limit,bid,1,13,
47.5056240914478,limit,bid,2,17,
47.55150185901993,limit,bid,3,2,
47.55239569106105,cancel,bid,1,1,
47.7249183749461,market,bid,1,13,
47.74366830558783,limit,ask,1,32,
47.77558627793655,limit,ask,1,1,
47.85811186489328,limit,ask,2,2,
47.86172634645882,limit,bid,1,29,
47.87996348345704,market,bid,1,30,
48.11104117583147,limit,bid,2,28,
48.2339810683235,limit,ask,1,9,
48.46670507131014,cancel,bid,2,4,
48.481035365649284,market,ask,1,4,
48.523398696927664,market,ask,1,7,
48.53318313214925,limit,bid,3,8,
48.61354833126998,limit,bid,1,44,
48.685576546604096,limit,ask,2,11,
48.799467500015474,limit,ask,4,6,
48.88052795167019,limit,bid,1,12,
48.91420688771289,limit,ask,3,13,
49.05816231806414,limit,ask,1,4,
49.0663952786821,market,ask,1,4,
49.103299512203186,limit,bid,2,26,
49.110094043123745,limit,ask,1,25,
49.14388549092783,limit,bid,1,6,
49.169193399245025,market,bid,1,12,
49.2949853949258,limit,bid,1,1,
49.41678351589441,limit,bid,1,10,
49.44658956600559,limit,bid,1,43,
49.481016673431796,cancel,ask,2,1,
49.60834715223922,limit,ask,1,1,
49.64915897625351,limit,ask,2,27,
49.89186095625329,market,ask,1,7,
50.0083401721023,market,bid,1,9,
50.04963346070072,limit,ask,2,10,
50.170083831256996,market,bid,1,1,
50.173826542058755,limit,ask,1,6,
50.22234791117694,limit,bid,2,4,
50.36707999608135,market,bid,1,9,
50.37464337729992,cancel,bid,1,17,
50.443910916480796,market,bid,1,8,
50.46151053289712,limit,bid,2,1,
50.4729699262242,limit,ask,2,1,
50.810193398499706,cancel,bid,1,20,
51.10263299130683,limit,ask,3,33,
51.120839668024814,limit,bid,1,27,
51.30774066267999,limit,bid,1,3,
51.38887695135007,market,ask,1,6,
51.43628239524969,limit,bid,1,13,
51.532672019234354,limit,ask,1,1,
51.57064229456413,limit,bid,1,6,
51.7918584539421,cancel,bid,1,5,
51.82077526329714,limit,ask,3,5,
51.83583535019575,limit,bid,2,3,
51.93573814393458,market,bid,1,2,
51.965138161032435,market,ask,1,4,
52.01180903646665,limit,bid,2,3,
52.140877000705835,cancel,ask,4,33,
52.15539749538649,cancel,bid,3,1,
52.18328939380371,limit,ask,2,2,
52.359810497944586,cancel,bid,1,4,
52.38658779891128,limit,ask,2,20,
52.39232366253902,limit,ask,1,3,
52.39737404260104,limit,bid,2,6,
52.461918455979564,limit,bid,2,4,
52.51432861028336,limit,bid,1,4,
52.54174551420746,limit,bid,1,1,
52.705346504055484,limit,bid,1,1,
52.71363364960654,market,ask,1,8,
52.74628794860869,market,bid,1,18,
52.88605724527128,cancel,ask,2,7,
52.945011370387704,limit,ask,3,23,
52.949157853674926,market,ask,1,10,
53.134436902752675,limit,bid,1,35,
53.14835149750115,limit,bid,2,8,
53.25114338640013,limit,ask,1,3,
53.35337696831619,cancel,ask,1,1,
53.448923502664435,market,bid,1,32,
53.506778569675156,limit,bid,1,1,
53.67374024108638,cancel,bid,1,3,
53.75976438385982,limit,bid,1,7,
53.803789654862655,limit,ask,4,28,
53.940229177194944,limit,bid,1,12,
54.012193886781745,limit,ask,1,1,
54.01954221849451,limit,ask,3,1,
54.04042698008436,limit,ask,3,3,
54.04876916389815,cancel,ask,2,7,
54.15479128911225,market,bid,1,3,
54.21225860260464,market,bid,1,12,
54.224489146786595,cancel,bid,1,38,
54.456113371531345,cancel,ask,3,20,
54.520635453253,limit,ask,3,21,
54.52407420650683,limit,ask,1,26,
54.8867200751872,limit,ask,2,14,
54.922275569669196,market,bid,1,27,
55.02178726214377,market,bid,1,2,
55.06821840096169,market,ask,1,1,
55.068507864256006,limit,bid,1,3,
55.11008561002657,market,ask,1,13,
55.11170598980169,cancel,ask,2,11,
55.14554669424236,limit,bid,2,1,
55.23395961631284,cancel,ask,2,19,
55.481910339509824,market,ask,1,7,
55.48304856140124,limit,ask,3,11,
55.51797398774714,limit,ask,2,50,
55.58791143275787,cancel,ask,5,7,
55.76458289858202,limit,bid,1,5,
56.14268126949698,limit,bid,2,1,
56.170980603109356,limit,bid,2,6,
56.29665559053866,limit,ask,1,9,
56.316575259792394,limit,bid,3,4,
56.36860730733712,limit,bid,1,1,
56.401971986294534,limit,ask,2,14,
56.47220394337473,cancel,ask,1,1,
56.57928705822856,cancel,ask,2,2,
56.644350835476786,limit,ask,1,41,
56.70004572937323,limit,ask,1,1,
56.78631458572243,limit,bid,1,11,
56.816348982794224,market,ask,1,56,
56.988388029409535,cancel,bid,3,1,
57.05662729361209,limit,bid,4,1,
57.15548773805022,limit,bid,2,1,
57.325905527599076,market,bid,1,7,
57.3281156749354,market,bid,1,8,
57.53096833839498,market,bid,1,15,
57.625365096243634,limit,ask,2,6,
57.683637751425415,limit,bid,3,5,
57.79878213449993,limit,bid,1,39,
57.90718090731839,cancel,ask,1,2,
57.911107829306594,limit,ask,4,4,
57.931785380835045,limit,bid,1,8,
57.97415464706775,limit,ask,1,21,
58.03341149614445,limit,bid,2,24,
58.03742728334226,market,bid,1,13,
58.17653441462954,market,bid,1,2,
58.441930449330115,cancel,ask,2,1,
58.47767648011806,cancel,bid,1,1,
58.64266366205157,limit,bid,1,2,
58.68678940602125,limit,ask,1,9,
58.6912802102233,limit,ask,1,20,
58.71307315867689,limit,ask,1,9,
58.77302585285868,market,ask,1,14,
58.79276978714418,limit,bid,1,9,
58.800091406339995,market,bid,1,1,
58.81011502562237,cancel,ask,3,5,
59.134262301145135,limit,ask,4,2,
59.134592304305315,limit,bid,3,11,
59.18498586529726,limit,ask,1,1,
59.255165046532,market,ask,1,21,
59.266677300771455,limit,bid,1,1,
59.42442303102865,market,ask,1,8,
59.61424880692387,cancel,ask,3,2,
59.64731491078693,limit,ask,1,51,
59.67411516532307,limit,ask,4,16,
59.84224600223396,cancel,bid,2,1,
59.93088995971781,cancel,bid,1,10,
59.93620909221955,limit,bid,1,20,
60.041702813465534,cancel,bid,1,1,
60.163799867253154,limit,bid,1,7,
60.168893661385894,limit,bid,1,1,
60.306601418175156,limit,ask,2,2,
60.33196865877383,cancel,ask,2,12,
60.33582718429429,limit,bid,3,34,
60.405711227783755,limit,bid,2,6,
60.61425652693438,limit,bid,1,1,
60.74290666632547,cancel,bid,1,10,
60.7650235603793,limit,ask,2,3,
60.83796231736999,limit,ask,1,24,
60.9268178476532,cancel,bid,4,10,
60.95013441842294,market,bid,1,1,
60.95330813869316,limit,bid,1,17,
60.96529671833524,market,bid,1,5,
61.17628873269764,market,ask,1,47,
61.24897197816855,cancel,ask,2,4,
61.28640909554406,limit,bid,2,23,
61.3862766636246,limit,bid,1,6,
61.53308963004293,limit,ask,2,9,
61.6219669289047,limit,ask,1,1,
61.667377054468815,cancel,ask,1,10,
61.72460702834423,limit,bid,2,1,
61.74487183121329,limit,bid,1,1,
61.802937861241894,limit,ask,2,11,
61.85426982361334,limit,bid,1,13,
61.87326310836798,market,ask,1,44,
61.94853696499883,limit,ask,1,5,
61.99306211038723,market,ask,1,2,
62.23518171320294,cancel,bid,5,11,
62.2733892663685,limit,bid,2,15,
62.348590876019756,market,bid,1,16,
62.421296680336965,limit,ask,2,9,
62.428753923846635,market,ask,1,6,
62.70412249146906,limit,bid,1,5,
62.718333065213905,cancel,bid,2,2,
62.77552561212672,cancel,bid,3,1,
63.07356396615871,cancel,bid,2,7,
63.08762430746627,limit,bid,3,1,
63.148529309593684,limit,ask,2,10,
63.17926793357675,cancel,ask,1,9,
63.33810320906512,limit,ask,1,4,
63.351761424575855,limit,bid,1,11,
63.3765329683607,limit,bid,3,19,
63.39777664322662,cancel,ask,1,3,
63.49564867749317,limit,ask,1,23,
63.51979256422338,cancel,bid,1,10,
63.57800550060091,limit,ask,4,16,
63.58563878049202,cancel,bid,1,20,
63.61107363623702,limit,bid,1,22,
63.612650282311755,limit,bid,1,4,
63.6658194804039,cancel,ask,3,10,
63.8555773890688,market,bid,1,5,
63.90694804604383,limit,ask,1,2,
63.96015392326513,market,bid,1,10,
63.967699408052304,limit,bid,1,13,
63.987948237852194,market,ask,1,16,
64.41497404572813,limit,ask,1,8,
64.43035590288326,limit,ask,1,1,
64.43727250099795,limit,bid,1,17,
64.48372050444705,limit,ask,5,11,
64.53002551856285,limit,ask,3,18,
64.55249590153437,market,bid,1,1,
64.60826738133014,limit,ask,1,34,
64.653114487001,market,ask,1,7,
64.76875351288606,limit,bid,1,12,
64.96986180946625,market,bid,1,8,
65.00463328559636,limit,ask,1,7,
65.06124422171037,limit,ask,1,6,
65.0837352922873,limit,bid,2,6,
65.2045692362582,limit,bid,1,3,
65.23248425135257,cancel,bid,2,2,
65.31087178873672,limit,bid,1,1,
65.49866593561158,cancel,bid,1,15,
65.58457121448899,limit,ask,1,3,
65.70378072991272,market,bid,1,8,
65.83105372431406,limit,ask,1,1,
65.84749513668856,limit,ask,1,12,
65.91312536332173,market,bid,1,22,
65.97297072193527,cancel,ask,3,17,
66.06527662990801,limit,bid,1,12,
66.08773796197548,limit,ask,2,6,
66.10930017747758,limit,ask,3,4,
66.13897076231252,limit,bid,2,16,
66.25386721762423,market,ask,1,42,
66.30088094943083,limit,ask,1,21,
66.34367449722637,limit,ask,1,1,
66.3694703149104,limit,ask,1,27,
66.6548901268352,market,bid,1,1,
66.82331634654767,limit,bid,4,13,
66.96078451674256,cancel,bid,1,1,
66.99850580771026,limit,ask,1,13,
67.01055667100654,limit,bid,2,10,
67.1094463552675,limit,ask,2,10,
67.2733702078784,limit,bid,2,10,
67.51977820419694,market,bid,1,34,
67.56954823043759,limit,ask,2,23,
67.63298765491662,limit,bid,1,5,
67.7017628778343,limit,bid,1,1,
67.76071578523346,market,bid,1,27,
67.83473358424669,market,bid,1,27,
67.86841612232247,cancel,bid,4,13,
67.883911627693,market,bid,1,5,
67.92140284992105,limit,bid,1,6,
67.9291307851963,market,bid,1,14,
67.9730786710309,cancel,ask,2,22,
68.1653977735807,cancel,bid,2,1,
68.20099312774974,limit,ask,1,16,
68.20707620756016,limit,bid,3,12,
68.21963347046595,market,bid,1,11,
68.26151654828014,cancel,bid,1,4,
68.50967425761026,limit,bid,1,13,
68.73116218467531,limit,bid,2,8,
68.82328149890806,market,bid,1,1,
68.83858167612964,limit,bid,1,1,
68.84065661078186,limit,ask,1,1,
68.94280553815588,limit,bid,1,4,
69.06327775014995,limit,ask,1,1,
69.19805481682874,limit,ask,1,6,
69.2588943166114,limit,bid,4,33,
70.14900372246436,limit,ask,2,7,
70.16376263902629,market,bid,1,13,
70.16711805859599,limit,bid,2,7,
70.19346874578548,market,ask,1,4,
70.23242525228976,limit,bid,1,39,
70.39670347491544,limit,ask,1,13,
70.40533542334461,limit,ask,1,12,
70.43818987694674,market,bid,1,8,
70.48179920592641,limit,bid,1,15,
70.49596471603753,limit,ask,2,15,
70.6110055186032,cancel,bid,1,16,
70.61302521084936,limit,bid,2,15,
70.76718235256104,limit,ask,1,12,
70.97466709089635,limit,ask,1,6,
70.99009307569392,limit,ask,1,1,
71.06475297707668,cancel,ask,1,36,
71.08041491400138,limit,bid,1,3,
71.09649253906447,limit,bid,2,13,
71.11906848979648,cancel,bid,1,31,
71.20081741131116,limit,ask,2,4,
71.20646345305744,market,ask,1,11,
71.21618830901375,market,bid,1,19,
71.29206674852459,market,bid,1,5,
71.39503525586483,limit,bid,1,22,
71.47240394738003,limit,bid,3,22,
71.56632651488437,limit,ask,1,2,
71.59632695362009,cancel,bid,1,15,
71.70816625898374,limit,bid,3,42,
71.89389103287644,limit,bid,2,12,
72.0319995778151,market,bid,1,45,
72.07986841037408,limit,ask,2,10,
72.29864223732093,limit,ask,3,5,
72.30088766399712,limit,ask,4,9,
72.40057992983981,market,bid,1,13,
72.44520219076956,limit,bid,1,15,
72.50724656742958,limit,bid,2,16,
72.64691480140061,market,bid,1,3,
72.69483668933866,limit,ask,1,1,
72.74112738270665,limit,bid,2,11,
72.80137162305094,limit,ask,1,4,
72.82084417913062,limit,ask,1,10,
72.90737424023753,limit,ask,1,16,
72.9250165940422,limit,ask,3,9,
73.11302708955924,cancel,ask,1,3,
73.18917956440816,limit,bid,1,12,
73.22702236778737,cancel,ask,1,4,
73.25686807363964,limit,bid,3,4,
73.25750861717299,cancel,bid,2,7,
73.52447708786015,limit,bid,2,1,
73.71707892026234,limit,ask,1,1,
73.72406580801518,market,ask,1,29,
73.78262575976757,limit,ask,1,18,
73.8605970868886,limit,bid,1,1,
73.9044728698885,limit,ask,1,17,
73.91438539296843,limit,ask,1,10,
73.98268337181389,limit,bid,1,14,
74.01878590837782,limit,ask,1,6,
74.05258593246101,cancel,ask,1,7,
74.05372487230753,limit,bid,1,8,
74.11362612770608,limit,ask,1,14,
74.11780308543106,cancel,bid,1,4,
74.19460032998118,limit,ask,1,6,
74.20045588732303,limit,ask,1,2,
74.2619833021222,market,bid,1,2,
74.33400490513957,limit,bid,2,24,
74.4613247140576,cancel,bid,1,10,
74.53561533681678,limit,ask,1,3,
74.54248054221402,limit,ask,1,25,
74.79104934826256,limit,ask,2,1,
74.82866856697362,limit,bid,1,3,
74.830027229309,limit,bid,1,30,
74.99853977742953,limit,ask,1,16,
75.11550848135904,limit,ask,1,2,
75.15774600850679,limit,ask,1,8,
75.28645451747678,limit,ask,2,14,
75.39163496581182,market,ask,1,10,
75.4759081221289,limit,ask,4,4,
75.49234885088907,limit,bid,2,12,
75.49250732458542,limit,ask,1,13,
75.54194931419391,limit,ask,5,1,
75.61662106276157,limit,ask,1,8,
75.97104802287004,cancel,bid,3,13,
76.09883683626794,cancel,bid,1,3,
76.23220796256794,cancel,bid,1,26,
76.33252839151581,limit,ask,4,1,
76.5967884797462,limit,ask,2,4,
76.62542941732464,cancel,ask,5,1,
76.70251007446676,market,ask,1,15,
76.72827196007404,limit,bid,1,10,
76.75878937801255,limit,bid,2,20,
76.76909297111064,limit,ask,1,9,
76.89939495176247,limit,ask,2,15,
76.93231218414729,limit,ask,1,1,
77.01240064344249,cancel,bid,1,7,
77.13438355139883,limit,ask,1,2,
77.20347115091027,market,bid,1,1,
77.23307091519662,limit,bid,1,1,
77.314348187875,cancel,ask,4,1,
77.38934977569176,limit,ask,2,11,
77.58231079119041,cancel,bid,1,1,
77.64679297816527,limit,ask,1,1,
77.81875685430522,limit,bid,1,1,
77.93483109561858,market,bid,1,11,
77.94562168430066,limit,bid,1,7,
78.0072409666411,market,ask,1,4,
78.04101621059269,limit,ask,1,2,
78.0577517968188,limit,ask,1,20,
78.10781923627415,limit,bid,1,15,
78.11472487103882,limit,bid,1,4,
78.1320366183397,limit,bid,1,3,
78.14769361810195,cancel,ask,3,1,
78.16399988646145,limit,ask,3,21,
78.31834134783432,limit,bid,1,6,
78.31883754433105,limit,bid,3,2,
78.34894600121484,limit,ask,1,6,
78.36850422867082,limit,ask,2,15,
78.40299104350964,cancel,ask,2,3,
78.40691411646706,limit,bid,3,76,
78.5396508902266,limit,ask,2,1,
78.55787368638025,cancel,ask,2,13,
78.55969967732236,cancel,bid,2,9,
78.61205862172585,limit,ask,3,6,
78.76171559136684,limit,bid,1,1,
78.80177975394488,limit,ask,3,7,
78.80675779690397,limit,ask,1,1,
78.85035235539681,limit,bid,1,9,
78.95713491623016,limit,ask,1,16,
78.9636009847888,cancel,ask,1,20,
79.13152104099073,limit,ask,4,5,
79.25374739763885,market,ask,1,5,
79.28311422349631,market,ask,1,34,
79.28865513171341,limit,ask,1,1,
79.46429981962865,market,ask,1,4,
79.50952802038157,market,bid,1,15,
79.60577026918841,limit,ask,2,25,
79.62272408987666,limit,bid,1,16,
79.99559835530133,cancel,ask,5,15,
80.10024527495956,limit,bid,1,1,
80.28178279701875,limit,bid,1,9,
80.3139098388824,cancel,ask,1,2,
80.31783250298116,market,ask,1,8,
80.37308477878122,limit,ask,1,3,
80.4968250386811,limit,bid,1,4,
80.60838662725013,limit,ask,2,5,
80.71076586607118,limit,ask,1,4,
80.77520530904346,limit,bid,1,9,
80.93217967477798,limit,bid,2,3,
80.9406060797644,limit,ask,3,17,
81.01043108433663,cancel,ask,1,5,
81.29599070685522,cancel,ask,2,5,
81.30343889365426,limit,bid,2,12,
81.38119485874354,cancel,bid,1,1,
81.41733518957062,cancel,bid,3,2,
81.45159039802286,market,bid,1,15,
81.52310319918526,market,bid,1,5,
81.8492048926133,limit,bid,5,10,
81.94227093173502,limit,ask,1,3,
81.96916495954419,limit,ask,1,1,
82.0244312254645,cancel,ask,2,16,
82.04247620075907,limit,bid,1,1,
82.05205650569577,limit,bid,1,2,
82.05834875222101,limit,ask,5,29,
82.06982942925728,limit,ask,1,1,
82.15170536582714,cancel,ask,3,4,
82.25510679708812,cancel,ask,4,17,
82.37576398805307,market,bid,1,10,
82.58291078961017,limit,bid,1,24,
82.67907493983121,limit,ask,2,3,
82.77326578270608,cancel,bid,4,6,
82.92010376307282,limit,bid,1,2,
83.0036627182515,market,ask,1,28,
83.01310417534053,limit,bid,2,16,
83.3789457342881,cancel,ask,2,20,
83.43615203579004,market,ask,1,21,
83.44949477688252,limit,ask,3,2,
83.5979230686641,market,bid,1,2,
83.68155919183813,limit,bid,3,2,
83.82129647442214,cancel,bid,2,9,
84.0138972194279,limit,bid,1,22,
84.04396497749792,cancel,bid,3,1,
84.14412662348069,cancel,bid,2,6,
84.14938238858502,cancel,bid,3,1,
84.16325905765007,limit,ask,1,1,
84.2002444411238,limit,ask,3,3,
84.30591307618872,limit,ask,2,1,
84.35538372388523,limit,bid,2,14,
84.39547103726092,limit,ask,2,2,
84.4070337480729,limit,ask,1,25,
84.6682008527313,market,bid,1,16,
84.72254876878732,cancel,bid,2,13,
84.80011745748678,limit,ask,1,13,
84.91639402667401,limit,bid,1,39,
84.96892086835842,limit,ask,2,23,
85.02351155237665,limit,bid,1,6,
85.07028744895143,limit,ask,1,2,
85.0856633671068,market,bid,1,6,
85.13874219413256,limit,ask,2,1,
85.19214115448165,limit,ask,1,17,
85.45289473726393,market,ask,1,8,
85.46227734596029,market,bid,1,5,
85.53079488643303,limit,ask,2,43,
85.53256086501136,limit,bid,2,12,
85.602544404574,cancel,bid,1,16,
85.66585693395533,limit,ask,1,1,
85.7263859805444,cancel,ask,3,11,
85.78242807555516,limit,bid,1,21,
85.84558958690451,cancel,ask,2,10,
85.88785538384194,cancel,ask,1,27,
85.97605059690399,limit,ask,1,14,
86.03090672473374,limit,ask,3,7,
86.06916926771052,market,ask,1,1,
86.12482009625114,limit,ask,1,4,
86.14751358633883,limit,ask,3,12,
86.22885701063133,market,bid,1,6,
86.311253420631,limit,ask,4,25,
86.31653060275251,cancel,bid,1,11,
86.34988749334391,limit,ask,1,9,
86.40607420012338,limit,ask,2,14,
86.54403339516799,limit,ask,1,1,
86.59135533613025,market,bid,1,38,
86.61809694803958,limit,bid,4,2,
86.64078566934712,limit,bid,1,1,
86.83578275186306,limit,ask,1,32,
86.84456291974176,market,bid,1,9,
86.87539847153096,cancel,bid,3,1,
86.89650208343221,cancel,bid,1,3,
86.93184638746264,limit,bid,1,7,
86.98148951707992,limit,ask,2,10,
87.08719014250264,limit,bid,4,1,
87.11559226924227,limit,bid,1,23,
87.14382564609426,limit,ask,1,6,
87.15498678686757,limit,ask,3,33,
87.16443563499688,limit,ask,1,34,
87.21815203367245,cancel,bid,1,14,
87.36143819595316,limit,ask,2,6,
87.4586471979877,limit,bid,3,22,
87.63397473715335,limit,ask,1,8,
87.66235876696575,limit,bid,2,6,
87.77441384073612,market,bid,1,2,
87.79578672114431,limit,bid,1,17,
88.11301195181552,limit,bid,1,1,
88.19228382232899,limit,ask,2,5,
88.55972650132085,limit,bid,1,3,
88.6650376957773,market,bid,1,25,
88.67901216089382,limit,ask,1,18,
88.70804959944367,cancel,ask,2,10,
88.72673600406952,limit,ask,1,4,
88.75569204012658,limit,ask,2,1,
88.85153266037601,cancel,bid,1,11,
89.01894919872319,limit,ask,1,10,
89.21056613505588,limit,ask,1,25,
89.32613783855747,limit,bid,1,46,
89.40639325478423,limit,ask,1,10,
89.4326109811099,cancel,bid,3,3,
89.60460769143765,limit,ask,1,34,
89.66983261365533,limit,bid,1,3,
89.71624638057,limit,bid,1,1,
89.80224961934897,limit,ask,1,3,
89.86516349160814,limit,ask,1,30,
89.8685349646096,limit,ask,2,3,
89.9499101631715,limit,ask,1,9,
90.03265323359078,cancel,bid,2,10,
90.19661757543196,limit,ask,4,6,
90.23784176441141,cancel,ask,1,18,
90.31118470802512,limit,ask,1,5,
90.31187392388729,market,ask,1,15,
90.59379641695688,market,bid,1,4,
90.79566457405264,limit,ask,3,1,
90.8142767763063,market,ask,1,1,
90.87399334465928,limit,ask,1,1,
90.91384314126466,limit,ask,3,15,
90.91402713010815,cancel,bid,2,17,
90.978970192336,limit,bid,2,1,
91.01642905078558,cancel,bid,1,12,
91.05055558652761,market,bid,1,21,
91.18897691953657,limit,ask,1,1,
91.3822598042638,limit,ask,1,36,
91.69471861496383,market,bid,1,13,
91.74494809169678,limit,bid,1,22,
91.818430017499,market,ask,1,6,
91.88174533986722,limit,ask,1,18,
91.90914340928761,limit,bid,1,2,
91.91049204125069,limit,bid,3,1,
92.24424642930423,limit,ask,1,3,
92.3191590349831,limit,bid,1,13,
92.42008486539994,cancel,bid,2,5,
92.47766123640015,limit,bid,3,3,
92.52148906422082,cancel,bid,3,9,
92.55567146744262,market,ask,1,5,
93.047298747735,limit,ask,2,14,
93.0983336906867,market,bid,1,13,
93.25787833907364,limit,ask,2,8,
93.37475864678365,limit,bid,1,16,
93.38901137109983,limit,ask,1,23,
93.42340168614682,limit,ask,2,4,
93.43686753841378,limit,ask,5,15,
93.53170448255057,market,ask,1,2,
93.5441701510277,cancel,bid,1,6,
93.7437144725535,limit,bid,1,7,
93.8076296761906,limit,ask,1,5,
93.94872004819773,limit,bid,1,33,
94.11046069041497,limit,bid,1,25,
94.30041435033378,cancel,ask,2,1,
94.52664322490682,limit,ask,1,1,
94.61181428182266,limit,ask,1,13,
94.65738524294902,limit,bid,1,17,
94.77451012569458,cancel,bid,1,5,
94.80516111608735,limit,ask,1,9,
94.81650188235793,limit,bid,1,33,
94.92214660071826,limit,ask,1,2,
95.0022968715982,market,ask,1,8,
95.104052359264,limit,ask,2,19,
95.16568943827619,cancel,bid,4,7,
95.40518554096187,limit,ask,2,9,
95.55250667966881,cancel,bid,2,8,
95.59372240126174,limit,ask,5,15,
95.66109683671682,limit,bid,1,1,
95.69851807596868,limit,bid,1,1,
95.93931631774578,limit,bid,1,5,
95.99216977942257,limit,ask,4,11,
96.24759980939733,market,ask,1,8,
96.34111592401415,limit,bid,1,20,
96.43048043544694,limit,ask,1,8,
96.446025601522,limit,bid,2,14,
96.61757976434272,limit,bid,1,1,
96.62847666997261,limit,bid,1,22,
96.66386224255348,limit,ask,1,8,
96.66720224332553,limit,ask,2,4,
96.74696548787907,limit,ask,2,14,
96.92288352288926,cancel,ask,3,13,
97.05074655499236,limit,bid,3,6,
97.05240145229897,market,bid,1,3,
97.25431679172335,limit,ask,1,18,
97.2925015914209,limit,ask,2,2,
97.38096725814722,limit,bid,2,1,
97.42347586311737,limit,ask,1,5,
97.7300542760883,limit,ask,1,3,
97.73896971566086,limit,bid,1,1,
97.84632824674429,market,bid,1,4,
97.87204867241428,limit,ask,1,1,
97.95040056304747,limit,ask,1,1,
97.95616440666505,cancel,ask,1,5,
98.03557182969095,limit,ask,1,8,
98.10360366119379,limit,ask,2,1,
98.21555074977645,limit,ask,3,12,
98.21740761145387,limit,ask,3,3,
98.42725081600507,market,bid,1,25,
98.4283524363518,limit,bid,1,8,
98.43208538585527,cancel,bid,2,5,
98.63037477099783,limit,bid,2,9,
98.67799852344079,limit,ask,2,7,
99.0320277424761,limit,ask,1,5,
99.11128864446957,limit,ask,5,12,
99.21233783746935,limit,ask,3,7,
99.27870839584446,market,bid,1,1,
99.29472502968143,limit,ask,3,3,
99.30935019143934,limit,bid,1,8,
99.4012670924985,limit,bid,1,8,
99.41666286754369,market,ask,1,39,
99.6621550623102,limit,bid,1,3,
99.6882124460119,limit,ask,2,3,
99.70913079450216,cancel,ask,2,3,
99.93661161903094,market,ask,1,1,
99.98235172177118,limit,bid,2,1,
100.00068712522256,limit,ask,1,6,
100.06133996416355,limit,ask,1,4,
100.09239773401467,cancel,bid,1,4,
100.12087480919223,limit,bid,2,5,
100.14166448302186,limit,ask,1,3,
100.29201586458326,cancel,ask,1,21,
100.40667917054166,limit,bid,3,7,
100.4221538096112,cancel,bid,1,14,
100.76752232783255,market,bid,1,1,
100.78677017842953,market,ask,1,1,
100.87477219256756,market,bid,1,27,
100.90470897551121,limit,ask,2,11,
100.90944542275435,limit,bid,3,17,
100.99273120510703,market,ask,1,21,
101.09302571448539,limit,bid,5,1,
101.0965357994783,limit,ask,1,2,
101.09807791747482,limit,bid,1,3,
101.26620147081964,cancel,ask,1,14,
101.2804564655143,limit,ask,1,18,
101.30021348875157,market,ask,1,11,
101.30652797348793,limit,ask,4,3,
101.39409619610814,market,ask,1,1,
101.41237819287983,limit,ask,1,14,
101.4267494375804,limit,bid,1,10,
101.66671998222091,limit,ask,1,2,
101.76191608693806,limit,ask,3,2,
101.85979541996304,market,ask,1,8,
101.89643621871876,cancel,bid,3,5,
101.93819828595292,cancel,ask,1,12,
102.29526519822356,limit,ask,2,15,
102.33481292326012,limit,bid,2,4,
102.45815504383842,limit,ask,1,24,
102.59656649804636,limit,bid,1,2,
102.90436830248528,market,bid,1,1,
102.96983018732473,limit,ask,3,21,
102.98140612256836,cancel,bid,1,1,
103.00321946324601,limit,bid,2,3,
103.02829942417084,limit,bid,3,6,
103.07644452754738,limit,ask,1,18,
103.07999006566283,limit,bid,1,14,
103.14753213188258,market,bid,1,4,
103.17318420330274,limit,bid,1,1,
103.1782005693311,limit,ask,4,10,
103.19580267486812,limit,bid,1,19,
103.22019564954674,limit,bid,1,30,
103.272277390569,market,bid,1,3,
103.30721997914121,limit,bid,1,1,
103.34633785284836,limit,bid,1,29,
103.5104560164379,cancel,bid,1,22,
103.52057041848289,limit,bid,3,16,
103.72838428403449,limit,ask,2,9,
103.77512401683722,market,bid,1,35,
103.98156601459807,limit,ask,1,27,
104.13491170794946,limit,bid,1,13,
104.2220566852905,limit,ask,2,1,
104.27390083853285,market,ask,1,20,
104.29429120552346,cancel,ask,2,20,
104.31175636980429,limit,bid,1,26,
104.34602234537704,cancel,ask,1,1,
104.83682149880806,limit,ask,3,4,
104.83804068461237,cancel,ask,1,12,
104.83896599390583,cancel,ask,5,13,
104.87434582265114,limit,ask,3,9,
104.93590051927288,limit,bid,1,4,
104.98661786811455,cancel,bid,1,16,
105.20763089541303,limit,bid,1,1,
105.21537225549042,limit,bid,1,19,
105.26757072295685,limit,ask,2,30,
105.54715879266743,limit,ask,1,1,
105.5706906489059,limit,bid,1,20,
105.693442429161,limit,ask,2,10,
105.69982534736401,limit,bid,1,45,
105.71722219796317,limit,ask,2,4,
105.75707598080285,limit,ask,1,26,
105.82178733448438,cancel,bid,2,1,
105.84178019989439,market,bid,1,8,
106.16507741435404,limit,ask,2,3,
106.50397877111378,limit,bid,1,6,
106.5223108539419,limit,bid,4,8,
106.54911790642397,limit,ask,1,19,
106.59739761596808,cancel,ask,2,2,
106.694139679776,cancel,ask,1,4,
106.69429344493271,market,ask,1,13,
106.78096187703467,limit,ask,2,19,
106.79444898109892,limit,ask,1,9,
106.99104703825259,limit,ask,2,26,
107.26162535115104,limit,ask,1,6,
107.33508652213236,limit,ask,2,6,
107.3928690470315,market,ask,1,20,
107.49149503781197,limit,bid,1,1,
107.54801369653738,limit,bid,2,6,
107.71302984825999,limit,bid,1,1,
107.78188611974149,limit,bid,1,15,
108.08950435041714,limit,bid,4,10,
108.2165127358639,cancel,ask,1,48,
108.39383815202396,limit,ask,2,3,
108.44497749767841,limit,ask,1,1,
108.62005765692663,limit,bid,2,1,
108.69396482856668,limit,bid,4,14,
108.69853006224616,cancel,ask,3,17,
108.71334047858304,limit,bid,3,35,
108.78085675555994,market,ask,1,8,
108.8269256537255,limit,ask,1,2,
108.97793909949486,limit,bid,1,3,
109.01642568100877,limit,ask,1,4,
109.02493239816468,market,bid,1,9,
109.02761132783374,limit,bid,3,2,
109.0554586618806,cancel,bid,1,7,
109.08271473906237,limit,ask,1,1,
109.10942080055207,limit,bid,2,6,
109.18381345900968,limit,ask,4,9,
109.27778163700629,limit,bid,3,9,
109.28096908807194,market,bid,1,35,
109.32365753996012,limit,ask,4,17,
109.37021019250679,limit,ask,3,7,
109.46619549465954,limit,ask,1,3,
109.48953658442657,cancel,bid,1,2,
109.62358914321027,market,bid,1,1,
109.71215404882722,market,ask,1,15,
109.78444887779067,limit,ask,3,2,
109.82273181116355,cancel,ask,3,22,
109.83628025185268,cancel,ask,1,29,
109.96903025541086,cancel,ask,1,2,
110.098595773232,limit,bid,2,21,
110.13886254393122,limit,ask,5,11,
110.1725209006834,limit,bid,2,15,
110.19238218135536,market,ask,1,10,
110.25138990237892,limit,bid,1,13,
110.42384459236419,cancel,ask,1,23,
110.46598949833027,cancel,ask,1,1,
110.46997141857399,market,bid,1,11,
110.50090734849225,limit,bid,1,15,
110.52135824359488,limit,ask,5,32,
110.68970973811766,market,bid,1,2,
110.75852590370468,limit,ask,1,11,
110.7644160950209,market,bid,1,8,
110.88104256920714,cancel,ask,2,4,
110.96131381610154,limit,ask,2,7,
110.99883509576979,market,ask,1,44,
111.20566824714625,market,bid,1,8,
111.25996799183437,market,ask,1,2,
111.26080257083488,cancel,ask,1,11,
111.29922781297049,limit,ask,2,27,
111.33513952346539,limit,bid,5,8,
111.53282911859358,cancel,bid,2,1,
111.58726084279151,limit,bid,2,14,
111.62106827042336,limit,bid,1,3,
111.84500353302388,limit,ask,3,21,
111.95659718549821,limit,ask,1,1,
112.16117768351234,limit,bid,3,4,
112.35295550251764,limit,bid,1,12,
112.4774808402632,cancel,ask,1,57,
112.4812094101317,limit,bid,1,2,
112.8807867123422,cancel,bid,5,16,
112.88343086628517,limit,bid,1,15,
112.9017392128838,limit,bid,1,4,
112.91123117106297,limit,bid,1,33,
112.93467651305541,limit,bid,3,2,
112.94092041621653,limit,ask,4,7,
113.00922724390813,limit,ask,2,3,
113.1533526766248,limit,bid,1,10,
113.17606227129038,limit,bid,1,1,
113.29825206857252,limit,ask,2,3,
113.31464880243445,limit,ask,2,7,
113.38813024706259,limit,ask,2,19,
113.42440499510698,limit,ask,1,17,
113.44943377176527,market,bid,1,8,
113.46162959427372,limit,ask,1,2,
113.52320433679373,market,ask,1,13,
113.6235211333705,limit,bid,2,3,
113.62396046863199,limit,ask,1,17,
113.70098935111312,limit,ask,5,12,
113.72887885779608,cancel,ask,4,22,
113.79792175669506,limit,ask,1,23,
113.80869397109545,cancel,bid,1,11,
113.83813197584587,limit,bid,3,1,
114.00134518732857,cancel,ask,2,2,
114.06764851871186,limit,ask,2,2,
114.11383700242429,limit,ask,2,1,
114.18878553567286,cancel,bid,3,3,
114.19009733310212,limit,ask,1,23,
114.2353630672577,limit,ask,1,1,
114.23566830002984,limit,bid,1,10,
114.24236368700645,limit,ask,1,15,
114.42061685857918,limit,ask,1,2,
114.47761278187238,cancel,ask,1,12,
114.50469324161392,limit,bid,5,5,
114.55401680791844,limit,ask,1,21,
114.57572240049066,limit,bid,1,37,
114.61116795812174,limit,ask,1,16,
114.88005298919731,cancel,bid,2,18,
115.0053099484032,limit,bid,2,10,
115.05792969986535,market,bid,1,5,
115.13700501682402,cancel,ask,3,3,
115.18034971960033,limit,bid,1,5,
115.3917834018245,limit,ask,3,8,
115.58846422492492,cancel,bid,2,36,
115.6179011561984,limit,bid,3,9,
115.68893666358002,limit,ask,1,9,
115.73592273245518,limit,ask,2,8,
115.74337662361155,market,bid,1,7,
115.76219297695096,limit,bid,1,6,
115.77231527153465,limit,ask,1,22,
115.81437585971874,limit,ask,1,5,
115.81445553980592,limit,ask,1,6,
115.88519456403814,limit,bid,3,11,
115.91567857774857,cancel,bid,1,18,
116.06746119272839,limit,ask,1,3,
116.12480924358647,limit,ask,1,18,
116.14784748302424,limit,ask,3,3,
116.18272940080338,limit,bid,1,33,
116.203840779061,market,ask,1,8,
116.23819987723806,limit,ask,3,5,
116.26157227938671,market,bid,1,9,
116.3770677494811,limit,bid,2,4,
116.46482077489736,market,ask,1,17,
116.47533401422089,limit,ask,2,26,
116.52151943973213,limit,bid,1,9,
116.5526261228896,limit,ask,1,5,
116.67123320112985,market,bid,1,39,
116.71830585127385,market,bid,1,12,
116.96607459182579,limit,ask,2,41,
117.03921695900885,limit,bid,2,2,
117.07356304579568,cancel,bid,1,13,
117.12931427686141,cancel,bid,2,6,
117.53956622061719,cancel,bid,1,7,
117.59016661053136,limit,ask,1,12,
117.72833150268545,limit,bid,1,11,
117.7385500533563,limit,bid,2,16,
117.80096599759408,limit,bid,1,68,
117.84990564755941,cancel,bid,1,1,
117.88881643265489,market,ask,1,4,
117.89971777136736,limit,ask,1,57,
118.04432244757587,limit,bid,3,1,
118.13237328588244,limit,bid,2,1,
118.24269078200464,cancel,bid,1,21,
118.26011680903557,limit,ask,5,53,
118.27732828343831,limit,bid,1,4,
118.53469000771801,market,bid,1,6,
118.5981947051024,limit,bid,1,4,
118.60124089634498,cancel,ask,1,6,
118.66560289082676,cancel,bid,4,37,
118.69153912009358,limit,ask,1,57,
118.74698930831082,market,bid,1,6,
118.8322977748456,limit,ask,1,10,
118.95258413766952,limit,ask,2,17,
118.98310093797964,limit,ask,1,7,
119.04970922151767,market,bid,1,2,
119.06046310413511,limit,bid,4,2,
119.10777230003688,market,bid,1,1,
119.12873946413201,market,bid,1,34,
119.1422223225794,limit,bid,1,4,
119.15093990734366,limit,ask,1,49,
119.22848217738343,limit,bid,1,1,
119.27940513470864,limit,ask,1,1,
119.46923371329966,limit,ask,3,3,
119.48481823570617,market,bid,1,8,
119.48489572230925,limit,bid,1,2,
119.69322410308381,cancel,bid,1,4,
119.7269815429953,limit,ask,1,5,
119.79033889597056,limit,bid,2,6,
119.80331836646047,cancel,bid,2,31,
119.81810170513354,market,ask,1,5,
120.01563321387205,limit,ask,5,8,
120.18158107568607,limit,ask,1,14,
120.28701296646754,market,ask,1,2,
120.37106802035734,market,ask,1,2,
120.43447267754841,limit,ask,2,3,
120.50768128406433,limit,ask,2,23,
120.82721763922899,market,ask,1,8,
120.84025589488206,limit,ask,5,21,
120.85681358209646,limit,bid,1,18,
121.06928397292329,limit,ask,2,14,
121.08193859720814,limit,ask,1,2,
121.13352423045262,limit,bid,1,2,
121.1420488286317,limit,bid,1,2,
121.18297535453218,limit,bid,1,16,
121.19330288989028,limit,bid,2,43,
121.29020004330445,limit,bid,1,25,
121.2971343252583,market,ask,1,21,
121.34122248973311,limit,bid,2,7,
121.4385397055467,limit,ask,2,3,
121.48211783428758,limit,ask,1,6,
121.52672494909818,limit,bid,2,1,
121.55257405941815,limit,bid,5,1,
121.7380567793699,market,ask,1,10,
121.80112421618469,limit,ask,1,2,
121.87107079383755,market,ask,1,28,
121.94473562408565,limit,ask,1,23,
122.0563381381185,limit,bid,3,6,
122.06275217498325,market,bid,1,1,
122.216362211389,limit,bid,1,3,
122.24848691814486,limit,ask,2,6,
122.38961132514983,cancel,ask,1,19,
122.5081598435013,market,ask,1,12,
122.5265601749139,cancel,ask,1,9,
122.54308028950494,limit,ask,1,1,
122.61934117651869,limit,ask,1,4,
122.62947611860122,cancel,ask,1,7,
122.72206594847032,limit,bid,1,2,
122.72712319977063,limit,ask,1,25,
122.7545362317718,limit,ask,2,16,
122.80129593179922,cancel,ask,4,19,
122.826643564356,limit,bid,2,5,
122.87562487304739,limit,bid,2,15,
122.90972101916373,limit,ask,2,9,
123.04962992993278,cancel,ask,2,33,
123.11546810976455,limit,bid,1,5,
123.14004028367332,limit,bid,1,9,
123.18556924775191,market,ask,1,31,
123.37702818337313,limit,ask,4,1,
123.3888152529,limit,bid,4,25,
123.40105683077685,limit,bid,3,4,
123.46812478778253,limit,bid,2,33,
123.4734474944229,limit,ask,2,11,
123.49966971449467,limit,bid,2,27,
123.57041975152485,limit,bid,2,42,
123.62177070225668,market,ask,1,3,
123.81127559536642,limit,bid,4,10,
123.85076613425838,limit,bid,2,13,
123.92822015046474,cancel,bid,1,11,
124.1404196493075,market,ask,1,21,
124.14220993661851,limit,bid,2,18,
124.27290521152806,limit,bid,1,21,
124.37046603189518,limit,ask,2,7,
124.38632666329983,cancel,ask,1,9,
124.40487991647849,limit,bid,2,20,
124.42917879247652,limit,bid,1,16,
124.45184896539172,limit,bid,3,14,
124.46172534347468,limit,bid,2,12,
124.47623597579813,limit,ask,1,15,
124.61690783767946,market,bid,1,16,
124.8204920683564,limit,ask,2,31,
125.11164519836595,market,bid,1,1,
125.16506696200477,limit,ask,1,3,
125.18283897615797,market,ask,1,17,
125.19998655445757,limit,bid,1,5,
125.22565281557077,cancel,bid,1,1,
125.39900794413208,limit,ask,1,5,
125.40726723410808,limit,bid,2,9,
125.43298893739428,market,ask,1,1,
125.62827923250548,cancel,ask,4,5,
125.6393118247243,limit,ask,2,1,
125.75033005386433,market,bid,1,12,
125.91415967238694,limit,ask,2,18,
126.06444734604429,limit,bid,2,5,
126.09264669117445,limit,bid,5,6,
126.11200701465802,limit,ask,1,2,
126.17149674813966,limit,ask,1,1,
126.36601460592848,market,ask,1,11,
126.38309454729495,limit,bid,2,7,
126.43856745772023,limit,ask,1,5,
126.56933129131879,cancel,bid,1,21,
126.62292805674008,limit,bid,1,1,
126.62816506725952,cancel,ask,3,4,
126.66243446789042,cancel,bid,1,5,
126.7712636122875,market,ask,1,40,
126.84578003056788,cancel,ask,1,8,
126.87074312045922,cancel,ask,1,12,
126.9532747477859,market,bid,1,10,
126.96251802694694,limit,bid,1,6,
127.0203085277281,limit,ask,1,14,
127.02323493668935,limit,bid,2,34,
127.13253611783392,limit,bid,2,1,
127.16764258951844,limit,bid,1,5,
127.17962082566541,limit,bid,1,9,
127.20006900423546,limit,bid,2,10,
127.2002845680777,limit,ask,1,17,
127.35851488445152,cancel,ask,1,7,
127.36571327752499,limit,bid,3,18,
127.44520173293618,market,bid,1,12,
127.48036317129308,limit,ask,3,8,
127.66625143031321,limit,bid,1,6,
127.69583530687116,limit,bid,4,18,
127.7393519615797,limit,bid,1,11,
127.76560499314536,limit,ask,1,3,
127.83233138096884,limit,ask,3,7,
127.88662084191435,market,ask,1,1,
127.92494620317292,limit,ask,2,12,
127.92942652657109,limit,bid,2,16,
127.94728843117001,market,bid,1,1,
128.15550756219378,limit,ask,4,17,
128.20402305927104,limit,bid,1,18,
128.26255593462363,market,bid,1,3,
128.2863685153534,limit,ask,1,5,
128.58270584902925,limit,bid,1,3,
128.60545721050374,limit,bid,1,21,
128.63986071993335,limit,ask,4,10,
128.85258473360992,limit,bid,1,20,
128.86222745826328,limit,ask,1,14,
128.9019807880832,limit,ask,3,2,
128.91327436865723,limit,bid,4,4,
128.9435319465822,limit,bid,2,1,
129.03953131624732,limit,ask,4,24,
129.0855984945075,limit,ask,1,7,
129.10821955550253,limit,bid,2,29,
129.4285550627055,limit,bid,1,1,
129.5654845235713,limit,bid,1,14,
129.58237771259607,cancel,bid,4,6,
129.6290206534339,limit,bid,4,8,
129.6916149828821,cancel,ask,3,1,
129.71992494584055,limit,ask,1,27,
129.73863350840332,limit,bid,1,14,
129.79266217664045,market,bid,1,21,
129.9355980789162,limit,ask,4,3,
129.99930305606833,cancel,bid,3,4,
130.13604716740625,limit,ask,3,5,
130.1370521606213,limit,ask,1,29,
130.18026331741802,limit,bid,2,9,
130.19283477758003,cancel,bid,1,15,
130.2362658453286,market,bid,1,9,
130.33744418797906,cancel,bid,1,7,
130.35072870132734,market,bid,1,5,
130.35784639300147,limit,bid,1,2,
130.3842273270522,market,bid,1,8,
130.46760128330166,limit,ask,2,3,
130.47240037100983,limit,ask,1,11,
130.54265803825325,market,bid,1,7,
130.59233307779456,market,bid,1,3,
130.64656343980957,limit,ask,1,41,
130.66579623328857,cancel,bid,3,1,
130.69295617509974,limit,ask,1,8,
130.8178877084861,limit,ask,5,19,
130.8408977075377,limit,ask,2,47,
130.99123802421283,market,ask,1,14,
131.15499240306036,market,bid,1,3,
131.19667976829396,cancel,bid,3,4,
131.29493499487882,cancel,ask,2,10,
131.30965634196033,cancel,bid,1,23,
131.36865431769087,limit,bid,4,13,
131.52820198335723,limit,bid,1,1,
131.52978139769436,limit,bid,3,17,
131.61802878345816,limit,bid,2,13,
131.6418047036418,limit,bid,2,6,
131.66147873680592,market,ask,1,2,
131.6620569805345,limit,ask,1,19,
131.73643996014974,market,bid,1,6,
131.739954170034,cancel,ask,2,10,
131.85901683755196,limit,ask,1,6,
131.85995621486998,limit,ask,1,8,
131.96330485428672,market,bid,1,14,
132.1071099037403,limit,bid,2,14,
132.17425297512565,limit,bid,1,24,
132.25084838875307,limit,ask,1,40,
132.34564134495594,cancel,bid,1,18,
132.36157825775175,cancel,ask,3,10,
132.44402976873803,limit,bid,1,1,
132.50481996806855,limit,bid,1,2,
132.63382792472544,cancel,ask,2,2,
132.6780038880858,cancel,bid,1,3,
132.6981809118681,limit,ask,1,50,
132.72914078640514,market,bid,1,17,
132.73407340074897,cancel,bid,2,4,
132.73547131080005,limit,bid,2,2,
132.7395434671982,limit,ask,2,15,
132.74366804140655,cancel,ask,2,1,
132.77105172793168,limit,ask,1,6,
132.78973662012183,market,bid,1,7,
132.90149253917212,limit,bid,1,2,
133.0051402985523,market,bid,1,1,
133.04236292986025,limit,ask,4,10,
133.10140243951028,limit,bid,2,11,
133.25155774770292,limit,bid,1,1,
133.28135312868588,limit,ask,2,52,
133.40367344292324,cancel,ask,1,2,
133.49890289291488,market,bid,1,20,
133.58134919591137,market,bid,1,21,
133.74970322089726,limit,ask,1,22,
133.89244028631884,market,bid,1,2,
133.9557324219425,limit,bid,4,29,
133.96988655525547,limit,ask,2,1,
134.22713438602614,limit,bid,3,21,
134.23560113063246,limit,ask,5,28,
134.38131865404713,cancel,bid,2,23,
134.5180181369904,limit,ask,2,30,
134.70656310254907,cancel,bid,1,8,
134.70687103051844,limit,ask,5,8,
134.76469158457047,limit,ask,4,4,
134.84955944149692,market,bid,1,6,
134.9489423870374,limit,bid,1,1,
134.97113267577663,cancel,ask,1,1,
135.02835256951744,limit,ask,3,5,
135.05982479085148,market,ask,1,14,
135.09227676531063,cancel,bid,5,15,
135.0973335903813,limit,ask,4,1,
135.17390402850367,cancel,ask,4,25,
135.18937361068456,limit,ask,1,25,
135.4380593483901,limit,ask,1,8,
135.4484762043003,limit,bid,1,1,
135.75094815380697,limit,bid,1,18,
135.80455752584166,limit,bid,1,7,
135.95024091774513,limit,bid,1,2,
135.95334609514,limit,bid,1,3,
136.05012170293293,limit,bid,1,3,
136.31976271350965,limit,bid,4,8,
136.3408980612706,limit,ask,3,4,
136.34695027041488,cancel,bid,1,6,
136.46149288167354,limit,ask,4,13,
136.6311362583237,limit,bid,2,3,
136.76243692636558,cancel,bid,2,1,
136.8304090693733,market,ask,1,1,
136.84779722679926,market,ask,1,7,
137.1296829998407,limit,ask,1,3,
137.21482079890652,limit,ask,1,19,
137.287559388701,limit,ask,4,18,
137.29535390050512,limit,bid,1,3,
137.355104246152,cancel,ask,2,1,
137.40774377955066,limit,ask,3,1,
137.56500650285233,limit,bid,2,9,
137.82158989830515,market,bid,1,18,
137.99695567038964,limit,bid,2,22,
138.09584611474315,limit,bid,2,10,
138.1979956457478,limit,bid,1,10,
138.21145503839242,limit,bid,1,3,
138.25892441956773,cancel,ask,1,5,
138.39072548016938,limit,ask,2,3,
138.391812394558,limit,bid,2,1,
138.40628307207376,market,bid,1,10,
138.44326788253454,limit,bid,1,18,
138.63979813709375,limit,ask,3,1,
138.6901643515856,limit,ask,3,1,
138.73390514373824,limit,ask,1,6,
138.76680836658736,limit,ask,1,9,
138.81609882015698,limit,bid,1,1,
138.9053974525883,limit,ask,1,2,
138.92196091918734,market,ask,1,24,
138.9796167543481,limit,bid,1,1,
139.1432522369774,limit,bid,1,8,
139.16060325515616,cancel,bid,1,1,
139.17850542939135,limit,bid,2,10,
139.29408094313308,limit,ask,1,13,
139.6426725685563,limit,ask,3,3,
139.64673379278142,limit,ask,2,17,
139.6789735748878,market,ask,1,3,
139.69991093500872,limit,ask,3,9,
139.75965944637628,limit,ask,1,14,
139.81721896337666,limit,ask,1,8,
140.05700262226355,limit,ask,1,17,
140.1377724725522,limit,bid,1,7,
140.26442341383262,cancel,ask,1,7,
140.4934724218425,limit,bid,1,12,
140.51233003904488,limit,bid,1,6,
140.6595380635104,limit,ask,4,1,
140.71317896121067,limit,bid,1,17,
140.7367765541996,cancel,bid,1,12,
140.7472926512321,limit,bid,2,20,
140.81809500698847,limit,ask,5,5,
140.82766089892806,limit,bid,4,33,
140.92218315552705,limit,bid,1,6,
141.0395091395955,limit,ask,1,11,
141.16342850622794,market,bid,1,27,
141.164556562154,limit,bid,2,7,
141.238045258671,limit,bid,2,12,
141.43933688277596,limit,ask,1,25,
141.46721346307018,limit,ask,1,6,
141.4755138526877,cancel,ask,1,2,
141.51748342254675,limit,bid,1,5,
141.59913950167973,limit,ask,3,1,
141.64735864810916,market,bid,1,26,
141.92255031443668,limit,bid,4,4,
142.0290787979475,market,bid,1,7,
142.06100316243896,market,bid,1,13,
142.0629702185891,limit,bid,4,51,
142.20125312069305,market,bid,1,10,
142.24541315792484,market,ask,1,12,
142.2581552667153,limit,ask,3,4,
142.29855357213208,market,ask,1,8,
142.37210034642675,limit,bid,1,9,
142.4765757977847,limit,bid,4,28,
142.49536311597552,cancel,bid,1,19,
142.5552148776031,cancel,bid,1,5,
142.65050872520538,limit,ask,1,13,
142.65144219626444,market,bid,1,5,
142.9281785875044,limit,bid,4,20,
142.99518479556266,limit,bid,2,20,
143.00690819194966,limit,ask,1,1,
143.08947173643622,cancel,ask,1,4,
143.4419423897921,market,ask,1,1,
143.45314444085665,market,bid,1,12,
143.46748599487168,market,ask,1,1,
143.4784589246128,limit,bid,1,35,
143.49520140092233,limit,ask,1,1,
143.55146697441958,limit,ask,1,1,
143.59774452407441,limit,bid,3,28,
143.8474971003487,market,ask,1,8,
143.90657106619182,limit,ask,1,29,
143.9423037854358,limit,ask,2,7,
143.96212012289047,limit,ask,1,22,
144.01130986158492,market,bid,1,28,
144.0333039709995,cancel,bid,2,4,
144.25631028505973,limit,ask,2,17,
144.28292258625066,limit,ask,1,4,
144.30046194645158,limit,bid,1,9,
144.34403633082226,market,ask,1,10,
144.4296690483287,cancel,ask,1,23,
144.47398276887714,limit,bid,2,3,
144.5042435008759,limit,bid,3,1,
144.51569178097253,cancel,ask,1,2,
144.55814686746965,limit,bid,1,47,
144.56240715668977,market,bid,1,11,
144.5633415828113,market,ask,1,1,
144.84999841047184,cancel,bid,1,1,
144.86594891234216,limit,bid,1,1,
144.87112493498626,limit,bid,1,21,
144.9151640310799,limit,ask,1,3,
144.91870896227172,cancel,bid,2,8,
145.07112183837006,cancel,ask,1,14,
145.09054053246936,cancel,ask,1,4,
145.32445005743375,limit,bid,5,6,
145.3922944924768,limit,bid,1,32,
145.4455548375941,market,ask,1,3,
145.6334147791084,cancel,bid,1,15,
145.64637408747328,cancel,bid,1,3,
145.71073788303408,limit,bid,1,24,
145.79780597270315,limit,ask,1,2,
145.83422436142124,limit,bid,3,7,
145.91857478652204,limit,ask,4,4,
145.93613077779526,limit,bid,1,13,
146.05148516973313,cancel,ask,3,12,
146.05804540350655,limit,bid,1,3,
146.1457861847632,market,bid,1,9,
146.22706483388305,market,bid,1,5,
146.28544159934768,limit,bid,1,8,
146.3987107557917,limit,ask,2,11,
146.45385203952506,limit,bid,1,7,
146.45986646721147,limit,ask,1,4,
146.50076687137516,cancel,bid,1,7,
146.57910687268193,cancel,ask,1,27,
146.76782762889255,limit,ask,3,22,
146.98010782795308,limit,ask,2,21,
147.0534423827447,cancel,ask,1,35,
147.09528116698328,limit,ask,1,18,
147.267704155707,market,ask,1,4,
147.32386645718174,limit,ask,1,6,
147.44211454805054,limit,ask,2,13,
147.5326287597799,limit,ask,2,5,
147.54155881551225,limit,bid,1,1,
147.54399115771227,limit,bid,1,1,
147.57321794168172,limit,bid,2,5,
147.6645297874814,limit,ask,1,6,
147.68767467328024,limit,ask,1,1,
147.76361532585221,limit,bid,1,2,
147.80068292965765,limit,bid,2,5,
147.98321519191575,market,ask,1,6,
148.01582838330452,limit,ask,1,13,
148.1541540975353,limit,bid,5,4,
148.35644348775946,limit,bid,1,4,
148.38576538355164,cancel,ask,2,12,
148.47242812277364,limit,ask,2,58,
148.6014439237284,cancel,bid,1,1,
148.63044669328474,limit,ask,1,9,
148.76985744278875,market,ask,1,1,
148.77834243323187,limit,ask,5,5,
148.79016480111753,limit,bid,2,9,
148.81303418668696,market,bid,1,2,
148.81899188166318,market,ask,1,14,
149.07380184310446,cancel,bid,1,8,
149.1316103176274,limit,bid,1,44,
149.1855964501649,limit,ask,2,19,
149.30733543896773,limit,bid,1,16,
149.33212767803445,cancel,bid,1,5,
149.34764439870764,limit,bid,1,11,
149.41083052649736,limit,ask,1,9,
149.5824013575097,limit,bid,1,1,
149.7562541633976,limit,bid,1,4,
149.8775688589333,limit,bid,1,1,
149.9347869005486,cancel,ask,2,1,
150.01541440677687,limit,ask,2,35,
150.08214697111816,limit,bid,2,5,
150.11200541030786,limit,ask,2,1,
150.25624742191232,market,ask,1,13,
150.34155706352354,limit,bid,4,4,
150.53404045950808,limit,bid,4,12,
150.59249715938944,limit,bid,1,10,
150.89630225261578,limit,ask,4,2,
151.06861154484858,market,bid,1,1,
151.14428456533767,cancel,bid,2,12,
151.15509032716983,market,bid,1,2,
151.20380790194287,limit,ask,1,49,
151.5466221628538,cancel,ask,5,1,
151.58355440306593,limit,bid,2,20,
151.63067227080148,limit,bid,3,52,
151.6692340285757,limit,ask,2,1,
151.72446843863963,limit,ask,2,31,
151.76745552945172,limit,ask,1,6,
151.79751183759615,limit,ask,2,15,
151.87153538153532,limit,bid,1,11,
151.9006521059368,limit,ask,1,44,
151.93238419852466,market,ask,1,3,
152.10075575783637,limit,ask,1,9,
152.1926250886521,market,bid,1,14,
152.3588312851243,limit,bid,1,2,
152.43343231229957,limit,bid,4,4,
152.465720413015,market,ask,1,22,
152.4764774480563,limit,bid,1,6,
152.59330873157649,cancel,bid,2,2,
152.64146550742518,limit,bid,3,15,
152.6958262151687,cancel,bid,1,13,
152.7068618277718,limit,bid,1,3,
152.73100467638042,limit,bid,2,4,
152.83285726442077,cancel,ask,3,7,
152.83987922482197,cancel,bid,1,16,
152.84778718667764,limit,bid,1,7,
152.8574396369856,market,ask,1,6,
152.92275971418002,limit,ask,4,3,
152.9951020849505,limit,ask,1,6,
153.03156465845564,limit,bid,1,8,
153.16630542628747,cancel,bid,1,4,
153.17632075413493,cancel,ask,1,29,
153.23105312193132,limit,ask,2,2,
153.26603569708752,limit,ask,2,3,
153.28344402503302,market,bid,1,44,
153.5330162423773,cancel,ask,3,19,
153.53728724110022,market,ask,1,2,
153.54662653031852,cancel,bid,1,5,
153.58081432494467,limit,bid,1,22,
153.58364480889605,limit,ask,3,1,
153.65055438948409,limit,bid,3,29,
154.09770738687294,limit,bid,1,5,
154.1067890039096,cancel,bid,5,1,
154.15686370942032,limit,ask,3,1,
154.1914472813322,cancel,ask,1,11,
154.24193957884384,cancel,bid,2,29,
154.2442956341689,limit,bid,2,21,
154.30622097429432,limit,ask,1,19,
154.31560583356696,limit,ask,1,22,
154.32053592054177,limit,bid,1,2,
154.33464319398777,limit,ask,2,6,
154.36858006220461,limit,ask,1,14,
154.37833671888592,limit,ask,1,27,
154.52472863965525,limit,bid,1,5,
154.55953264914052,limit,bid,1,1,
154.5717252039672,limit,bid,1,1,
154.64097874956792,limit,bid,2,9,
154.659469647654,cancel,ask,1,8,
154.6633140652088,limit,ask,1,8,
154.66591996945363,limit,ask,3,7,
155.00100097668704,cancel,bid,3,3,
155.07476854671324,limit,bid,1,51,
155.23657073855372,limit,ask,2,5,
155.37111144363183,cancel,bid,3,5,
155.39054761675783,cancel,ask,1,8,
155.40417349089074,market,bid,1,65,
155.59061367021047,limit,ask,1,11,
155.77901318919325,limit,bid,1,9,
155.88479352452225,limit,bid,1,1,
155.90311228298452,cancel,bid,1,2,
155.94911783843196,limit,bid,1,6,
156.23891910121523,limit,bid,1,15,
156.29830977681362,limit,ask,1,2,
156.34027872906842,cancel,ask,2,16,
156.36923465436396,limit,bid,2,18,
156.43415175622187,cancel,bid,2,14,
156.59299382637494,limit,bid,1,15,
156.62024420107664,cancel,ask,5,6,
156.67696235103134,market,ask,1,1,
156.84561348277904,cancel,bid,1,1,
156.93426715488474,limit,bid,1,22,
156.93737299244367,cancel,bid,1,3,
156.94226942561104,limit,bid,1,3,
156.9719364076831,limit,ask,1,23,
157.0136744313139,cancel,bid,1,3,
157.0511103009419,limit,ask,2,6,
157.07748694476066,market,ask,1,42,
157.27918177219937,limit,ask,1,4,
157.3080507088676,limit,bid,1,7,
157.33332758756626,limit,ask,1,1,
157.34705973464636,limit,ask,3,7,
157.8479032750564,limit,bid,1,19,
157.982180238224,limit,ask,1,10,
158.1013522512366,market,ask,1,4,
158.1157992184276,limit,ask,5,25,
158.21811810141926,limit,bid,5,8,
158.30047486219007,limit,ask,2,8,
158.34330775421873,cancel,bid,2,36,
158.37086721868857,limit,bid,1,3,
158.42389872316005,limit,ask,2,12,
158.68362387470972,limit,bid,4,28,
158.80854827373938,limit,ask,1,1,
158.87110217903228,limit,bid,5,5,
158.8825684517424,cancel,bid,3,5,
158.90684042893574,market,bid,1,39,
158.91295292364663,limit,bid,4,3,
158.93473991943847,limit,bid,2,6,
159.0813553264094,cancel,ask,2,34,
159.1168889715364,cancel,ask,1,2,
159.2306408008529,cancel,bid,1,17,
159.37701884626117,limit,bid,2,10,
159.41852168787034,limit,ask,3,4,
159.73525809457465,limit,bid,1,22,
159.73920660324353,cancel,ask,1,6,
159.84939398050915,market,ask,1,1,
159.8969299888503,limit,bid,3,2,
160.1439522683079,limit,ask,2,17,
160.25487231609682,limit,ask,1,39,
160.26532468312925,limit,bid,1,1,
160.30748779226815,limit,bid,1,1,
160.3099459712286,limit,bid,2,4,
160.4692068370029,limit,bid,2,8,
160.54412049443326,cancel,bid,1,5,
160.57175388015898,limit,bid,2,48,
160.7256393957589,cancel,bid,1,10,
161.01011132395786,limit,bid,1,18,
161.13605872444458,market,ask,1,1,
161.23322985642517,cancel,bid,1,21,
161.41263389439075,limit,ask,1,14,
161.4659249802299,cancel,ask,1,11,
161.47882618890844,limit,ask,1,27,
161.67821052748374,market,bid,1,1,
161.70973255030546,limit,ask,3,1,
161.95861308692102,limit,ask,1,3,
162.16636867768673,limit,bid,4,46,
162.1685738938454,market,bid,1,10,
162.209515114868,market,ask,1,12,
162.34945793582278,limit,bid,1,6,
162.4555486649963,limit,bid,5,5,
162.71396049780134,market,bid,1,3,
162.84272332090856,market,bid,1,8,
162.9376004796147,market,ask,1,6,
163.15034062318279,limit,ask,4,10,
163.20827487002452,limit,bid,3,8,
163.24673294510112,limit,bid,1,7,
163.3303361234868,limit,bid,1,1,
163.39962985535212,cancel,ask,2,3,
163.590941626828,limit,ask,1,1,
163.60186890888133,limit,ask,1,24,
163.68249948547185,limit,bid,3,7,
163.68543651423596,limit,ask,1,13,
163.75203702741754,limit,bid,1,7,
163.80284151478702,limit,ask,3,1,
163.84164590320273,limit,ask,1,15,
163.88143037928523,limit,ask,1,6,
164.00141956228416,limit,bid,1,1,
164.06432841957934,limit,bid,3,10,
164.11159065540386,cancel,bid,1,3,
164.22237722121358,limit,bid,1,1,
164.23223825737293,limit,ask,1,10,
164.2848666735889,limit,ask,1,1,
164.30509675672187,limit,bid,1,2,
164.37822499672166,limit,ask,1,5,
164.39550038272097,market,bid,1,4,
164.40614766238218,limit,bid,2,5,
164.4787427478417,limit,ask,1,22,
164.4952410602412,limit,ask,1,4,
164.53683142584433,limit,ask,1,6,
164.5536429366779,market,ask,1,18,
164.6129025322855,limit,ask,1,35,
164.64014154348658,limit,ask,1,7,
164.74140104679554,limit,bid,1,21,
164.78720659663927,limit,bid,2,1,
164.90018385152692,limit,bid,3,19,
165.01648904176136,limit,bid,3,9,
165.04315484377037,limit,bid,3,17,
165.08860729530198,market,ask,1,3,
165.10552404256464,limit,bid,2,5,
165.14789606650945,cancel,bid,1,25,
165.14879502234797,cancel,ask,1,18,
165.17339907664905,limit,ask,1,5,
165.38214469895138,limit,ask,1,60,
165.46255489023454,cancel,bid,1,3,
165.58285188032352,limit,ask,3,5,
165.62256072829953,limit,ask,1,6,
165.63198247309722,cancel,bid,3,8,
165.68476080374032,limit,ask,1,1,
165.72441591895353,limit,bid,1,37,
165.77344888058784,market,bid,1,4,
165.89944429622153,limit,ask,1,24,
165.91385424179606,limit,ask,1,29,
166.14426167769972,limit,ask,1,5,
166.44797518679584,limit,ask,1,4,
166.52714135529274,cancel,bid,1,1,
166.5431692219879,limit,bid,1,13,
166.5552539357869,cancel,ask,3,30,
166.7504561624581,cancel,bid,1,1,
166.7507396471943,limit,bid,2,6,
166.75787387630993,limit,ask,2,1,
166.8012491636413,market,bid,1,5,
166.9246858529226,cancel,bid,1,3,
167.04123218390075,market,bid,1,4,
167.0845956662491,limit,bid,1,5,
167.14704497204627,cancel,bid,3,6,
167.16531877384435,market,bid,1,2,
167.21330141791802,limit,ask,1,8,
167.2216733375234,limit,bid,1,1,
167.25886425374748,cancel,ask,1,3,
167.29862782286497,limit,ask,1,11,
167.34350572969618,limit,bid,1,5,
167.39593638053807,limit,bid,1,14,
167.61702375243618,limit,bid,2,10,
167.6596714791732,limit,ask,1,5,
167.7686780911032,limit,ask,1,3,
167.8989459533423,market,bid,1,16,
167.91429110910403,limit,ask,4,23,
167.97298774796297,limit,bid,4,1,
167.99828688005934,limit,bid,4,14,
168.15333622576773,limit,ask,1,20,
168.30747622097056,limit,ask,1,4,
168.34787109255072,market,ask,1,2,
168.5786664325662,market,bid,1,18,
168.60618015383113,limit,bid,1,27,
168.62308369000525,limit,bid,1,8,
168.6438655754137,market,ask,1,2,
168.66791359884954,limit,bid,1,5,
168.73194034582838,cancel,ask,1,8,
168.79294952246124,limit,bid,1,4,
168.86293039572416,cancel,bid,1,1,
168.87481596811512,limit,ask,2,5,
169.01180008382792,cancel,bid,3,8,
169.0328266883176,limit,bid,2,5,
169.11936827140588,market,bid,1,5,
169.2000392925363,market,bid,1,12,
169.2313753769209,cancel,ask,4,19,
169.29197283548393,limit,bid,1,1,
169.66152243718335,market,ask,1,1,
169.89394289521232,limit,ask,1,29,
169.89694018301003,limit,bid,4,9,
169.96033981648947,limit,ask,1,24,
170.14992893905978,limit,bid,1,10,
170.27867534087196,market,bid,1,2,
170.49586698247595,limit,ask,1,3,
170.5185506327733,limit,ask,2,1,
170.5815318836346,limit,ask,3,3,
170.6654421769875,limit,bid,2,37,
170.76226115997372,cancel,ask,2,1,
170.7681340607486,limit,ask,3,2,
170.8154529912045,cancel,ask,1,34,
170.93401543311137,limit,ask,1,10,
170.9985589136595,market,ask,1,1,
171.18177445493228,limit,ask,1,5,
171.2271866364223,cancel,ask,2,4,
171.26988506124007,limit,ask,2,17,
171.3113001192918,limit,bid,1,5,
171.34160653215054,limit,ask,1,4,
171.40637358575387,limit,ask,2,5,
171.50045025665315,limit,bid,3,1,
171.56256412471936,limit,ask,1,12,
171.62486786277123,cancel,ask,3,9,
171.65103861033407,market,bid,1,4,
171.68364860306352,cancel,bid,3,13,
171.79936519086894,market,ask,1,1,
171.85652956719008,market,bid,1,29,
171.8665921314218,limit,bid,2,19,
171.88079913304048,cancel,bid,3,9,
171.98677125684486,limit,bid,1,30,
172.00972276452424,market,ask,1,32,
172.15958399141485,limit,bid,4,24,
172.24567596822203,limit,bid,2,32,
172.26361075355626,limit,bid,3,22,
172.4925773567531,market,ask,1,9,
172.55214092128097,limit,ask,1,20,
172.60300688341277,market,ask,1,2,
172.60779970767894,market,bid,1,10,
172.62008740967025,limit,ask,3,16,
172.66000057052975,cancel,ask,3,11,
172.66155555296697,cancel,bid,1,16,
172.90635691228573,limit,ask,2,5,
172.91576539040636,cancel,bid,1,1,
173.02423618354248,limit,ask,2,13,
173.15593999931738,limit,bid,1,5,
173.16099387788756,cancel,bid,2,1,
173.23287029026238,market,bid,1,1,
173.2771858222372,market,bid,1,8,
173.2785333269564,limit,ask,1,8,
173.3235924524593,limit,bid,2,5,
173.39404994162905,limit,bid,1,16,
173.5872354457453,cancel,bid,1,43,
173.8537591829624,limit,ask,2,35,
173.9447483882989,limit,bid,1,21,
174.05573604153724,limit,bid,2,5,
174.11704165847743,limit,ask,1,32,
174.28848957932675,limit,ask,1,63,
174.3724013378866,limit,ask,3,16,
174.39703877733274,limit,ask,1,10,
174.4334196882663,limit,bid,2,11,
174.56610121856068,limit,ask,1,1,
174.59191845598016,limit,bid,1,6,
174.59607737300118,limit,bid,2,1,
174.61398022036602,limit,bid,1,28,
174.63414777339136,market,ask,1,21,
174.70746895250088,limit,ask,1,24,
174.7147429429357,limit,bid,3,7,
174.77772614488308,market,bid,1,66,
174.91215007383042,limit,ask,1,2,
175.12003987188612,cancel,bid,1,42,
175.19212189574787,limit,ask,1,9,
175.45701397918637,limit,bid,2,13,
175.55503260194018,limit,ask,3,23,
175.5668269536505,limit,bid,4,3,
175.72624437407433,limit,bid,1,1,
175.84944233615124,limit,bid,1,11,
176.04298879908086,market,ask,1,1,
176.11748980355924,cancel,ask,1,1,
176.13566660640706,cancel,ask,4,13,
176.15836032821446,limit,ask,1,32,
176.18080160102727,limit,ask,1,6,
176.28575354865353,limit,ask,2,25,
176.37390504210924,limit,ask,1,1,
176.410037294604,cancel,bid,1,9,
176.50207303778117,market,bid,1,14,
176.7126709087147,limit,ask,1,4,
176.7499306558368,market,ask,1,2,
176.92234371540522,limit,ask,1,17,
176.97770294182192,cancel,ask,1,19,
177.04892046154606,limit,bid,1,1,
177.0693377930292,limit,bid,1,7,
177.15705960211193,limit,ask,1,7,
177.45682103332894,limit,bid,1,10,
177.51499356803708,limit,ask,2,11,
177.52748932567673,market,ask,1,25,
177.55794599631736,limit,ask,2,3,
177.64360058374575,limit,bid,3,10,
177.73489026938242,limit,bid,3,10,
177.9508238939318,limit,ask,1,6,
178.06299257193604,market,bid,1,9,
178.14680538742877,limit,ask,3,4,
178.16110266394216,limit,ask,1,18,
178.19847236836907,market,bid,1,11,
178.22623169694572,limit,bid,1,3,
178.37391960465396,cancel,ask,2,1,
178.4410693247599,limit,bid,1,24,
178.51050871615186,limit,bid,2,11,
178.72005123822566,cancel,ask,1,43,
178.86598294799367,cancel,bid,2,4,
179.0524498175539,limit,ask,2,7,
179.3593875771043,limit,bid,3,15,
179.36343281422356,cancel,bid,3,28,
179.40395353417762,limit,bid,3,23,
179.50151235314246,cancel,bid,1,17,
179.5648853653371,limit,ask,1,9,
179.66526072452135,limit,ask,1,1,
179.69345297878897,limit,bid,2,1,
179.81624078054946,limit,ask,1,4,
180.1568022273659,limit,ask,1,3,
180.27441171763658,limit,bid,1,4,
180.3102279035108,limit,ask,1,1,
180.54105662033888,cancel,bid,1,4,
180.54703444971426,limit,ask,4,3,
180.59837711389636,limit,ask,1,7,
180.68772201550112,market,bid,1,21,
180.9056888011242,market,ask,1,2,
181.1221479559412,limit,ask,1,12,
181.14813564600902,cancel,ask,2,15,
181.3282161416714,market,bid,1,15,
181.3475346218583,cancel,bid,4,21,
181.45994436742228,cancel,bid,3,22,
181.60589618374024,market,ask,1,19,
181.65675157561517,cancel,bid,2,17,
181.6730541085577,limit,ask,2,4,
181.7855426151932,limit,ask,1,27,
181.93011533317585,limit,ask,2,1,
181.96310037052854,market,bid,1,2,
182.01781781315177,limit,bid,1,1,
182.06614210639336,market,ask,1,15,
182.20956902241622,cancel,bid,2,12,
182.2283272352468,market,bid,1,2,
182.2600653301936,cancel,bid,2,15,
182.28665467910426,limit,ask,1,5,
182.4823046054945,limit,ask,1,10,
182.4942592518306,market,bid,1,15,
182.78417730866167,limit,ask,1,1,
182.8624867055823,market,ask,1,2,
183.0080974859392,limit,bid,4,6,
183.02956086055732,limit,bid,3,4,
183.03256306773199,limit,ask,2,8,
183.051144938581,market,ask,1,70,
183.07468306593782,market,bid,1,8,
183.0997776899249,limit,ask,1,1,
183.1186703017254,limit,bid,2,3,
183.15966386831582,limit,ask,1,4,
183.19563163668502,limit,ask,1,15,
183.204751688526,cancel,bid,1,6,
183.261348680738,limit,ask,1,9,
183.36822851215925,limit,ask,2,6,
183.4386251537622,market,bid,1,17,
183.60305193558375,limit,bid,1,12,
183.7739467468882,market,ask,1,11,
183.8149785595114,market,ask,1,37,
183.9738507127238,limit,ask,1,13,
184.06803332234406,cancel,bid,1,8,
184.1251259643184,limit,ask,1,12,
184.23178945820135,limit,ask,3,27,
184.2578637198841,market,ask,1,1,
184.2681309831833,cancel,ask,4,11,
184.31931747123278,limit,ask,1,1,
184.49009855849545,limit,ask,1,21,
184.6368824914774,limit,bid,2,1,
184.7801649885691,limit,bid,1,2,
184.94742068074487,cancel,ask,1,22,
184.95591827323895,limit,ask,2,1,
184.96402349503978,limit,ask,2,4,
184.98694118537122,market,ask,1,10,
185.04439177189715,limit,ask,1,5,
185.10510023861139,limit,ask,1,8,
185.15930427415637,cancel,bid,1,18,
185.2824550767956,limit,ask,2,1,
185.4154175007661,limit,ask,4,8,
185.49412639627914,limit,ask,1,22,
185.53697261048148,cancel,ask,1,24,
185.58755598020159,limit,bid,1,1,
185.6595661861033,market,bid,1,67,
185.73079693078787,limit,bid,1,4,
185.96608526270504,cancel,ask,4,13,
185.97749954041979,limit,bid,2,19,
186.08009511539407,limit,bid,1,3,
186.15818978386912,limit,bid,1,14,
186.15978973805667,limit,bid,1,1,
186.24759484459818,limit,bid,2,3,
186.27779676922793,limit,ask,3,7,
186.28897267475148,market,ask,1,26,
186.38854871967092,limit,bid,1,3,
186.47017670075516,market,ask,1,1,
186.51270941280623,limit,ask,2,2,
186.52463434763553,cancel,bid,2,1,
186.67076842776194,limit,ask,1,15,
186.69811386040774,limit,bid,5,10,
186.6986668914611,limit,ask,1,5,
186.89630346756226,cancel,ask,1,5,
187.07274964866465,market,bid,1,24,
187.28069660924953,cancel,ask,1,1,
187.4629483633178,limit,bid,2,10,
187.49502318542477,limit,bid,4,1,
187.54378602139516,limit,ask,2,18,
187.5909042919551,limit,bid,4,1,
187.72635984213053,limit,bid,1,39,
187.8241311291608,limit,ask,1,16,
187.89231444743643,limit,bid,1,1,
187.8955390159393,market,ask,1,1,
187.9452633300931,limit,ask,1,5,
187.9912761658686,cancel,bid,3,18,
188.01546766578062,limit,bid,1,5,
188.02257897194352,market,ask,1,1,
188.06328895763974,cancel,ask,3,1,
188.13493677744066,cancel,bid,2,4,
188.2538730012476,limit,ask,2,8,
188.43186732082995,limit,bid,1,11,
188.46999700743035,limit,bid,1,21,
188.52031420393212,limit,ask,1,1,
188.56697341670622,limit,bid,1,7,
188.5964581322169,market,ask,1,17,
188.60599238102375,limit,bid,1,12,
188.61025805198588,limit,ask,1,40,
188.61148811102834,limit,bid,2,2,
188.62126386032543,cancel,ask,1,14,
188.88152902862225,market,ask,1,2,
188.98539423574363,limit,ask,5,13,
189.06986746871124,limit,ask,2,73,
189.34812594486505,limit,bid,1,16,
189.35262660537893,limit,bid,2,2,
189.36339020884887,limit,bid,2,3,
189.50503104406172,limit,bid,1,34,
189.74959421699637,limit,ask,2,8,
189.79011739650286,cancel,bid,2,1,
190.00213232153558,cancel,ask,1,4,
190.05762232779475,limit,bid,1,20,
190.0734993086635,limit,bid,1,6,
190.15112678111151,limit,ask,2,3,
190.5829028324184,limit,ask,1,4,
190.6288490930489,limit,bid,4,2,
190.68762518015174,market,ask,1,19,
190.73070308428402,market,ask,1,3,
190.73148912082726,cancel,bid,2,3,
191.03948356649053,cancel,bid,1,1,
191.07667717576464,limit,ask,5,3,
191.08922427655688,limit,bid,1,6,
191.12216251766506,limit,ask,1,5,
191.12576095013895,limit,bid,1,7,
191.20823999848352,limit,ask,2,2,
191.2229794947264,market,ask,1,6,
191.3232708985321,limit,bid,1,5,
191.41433127158655,limit,ask,1,10,
191.4804042566488,limit,ask,1,10,
191.60789395841581,limit,bid,1,8,
191.78582076816923,limit,ask,1,14,
192.04563143153877,market,bid,1,5,
192.06585256731915,cancel,ask,1,10,
192.17014251106878,market,ask,1,21,
192.33311179367337,limit,ask,2,2,
192.35929850247607,market,bid,1,4,
192.3925110329868,market,bid,1,1,
192.46588423852484,market,ask,1,11,
192.47206922847005,limit,bid,5,24,
192.53955787004784,limit,ask,2,1,
192.54237139952608,market,ask,1,17,
192.57008653934872,limit,bid,1,35,
192.60583892386205,limit,bid,1,7,
192.6481003933941,limit,ask,1,3,
192.6856948969563,market,bid,1,1,
193.05500290537503,limit,bid,1,1,
193.12661415922256,limit,ask,2,4,
193.2309254415561,limit,bid,2,2,
193.27864804406244,limit,ask,5,4,
193.37596659541094,limit,bid,1,5,
193.43412059729616,limit,bid,2,6,
193.58909823175688,cancel,ask,1,5,
193.6129856692968,limit,bid,1,1,
194.0033723356705,market,bid,1,20,
194.05121782106286,limit,ask,3,1,
194.17186342003032,limit,bid,1,15,
194.20557399073417,market,bid,1,15,
194.2869225891414,limit,bid,1,23,
194.35636105970528,market,bid,1,2,
194.53955896417773,limit,bid,2,8,
194.6017973713785,limit,ask,1,10,
194.61311861255217,cancel,ask,1,3,
194.62136007422245,limit,bid,2,5,
194.63008723839022,limit,bid,2,1,
194.66610574627177,limit,ask,5,28,
194.7420800205386,cancel,bid,2,19,
194.74343807105677,cancel,ask,4,3,
194.75753775888884,market,bid,1,10,
194.7881984480383,limit,bid,3,2,
194.79618005611601,limit,bid,1,16,
195.011437198477,market,bid,1,3,
195.05718683350256,limit,ask,1,24,
195.17723209137202,limit,ask,3,3,
195.33516763767662,cancel,ask,3,1,
195.55716810557126,market,bid,1,16,
195.73242397780504,limit,ask,2,10,
195.87803166597425,cancel,ask,2,14,
195.9007370642753,limit,bid,1,18,
195.98765585633902,market,bid,1,4,
